STATEFP,COUNTYFP,TRACTCE,AFFGEOID,GEOID,NAME,LSAD,ALAND,AWATER,FoodAccessSF2015_State,FoodAccessSF2015_County,FoodAccessSF2015_Urban,FoodAccessSF2015_POP2010,FoodAccessSF2015_OHU2010,FoodAccessSF2015_GroupQuartersFlag,FoodAccessSF2015_NUMGQTRS,FoodAccessSF2015_PCTGQTRS,FoodAccessSF2015_LILATracts_1And10,FoodAccessSF2015_LILATracts_halfAnd10,FoodAccessSF2015_LILATracts_1And20,FoodAccessSF2015_LILATracts_Vehicle,FoodAccessSF2015_HUNVFlag,FoodAccessSF2015_LowIncomeTracts,FoodAccessSF2015_PovertyRate,FoodAccessSF2015_MedianFamilyIncome,FoodAccessSF2015_LA1and10,FoodAccessSF2015_LAhalfand10,FoodAccessSF2015_LA1and20,FoodAccessSF2015_LATracts_half,FoodAccessSF2015_LATracts1,FoodAccessSF2015_LATracts10,FoodAccessSF2015_LATracts20,FoodAccessSF2015_LATractsVehicle_20,FoodAccessSF2015_LAPOP1_10,FoodAccessSF2015_LAPOP05_10,FoodAccessSF2015_LAPOP1_20,FoodAccessSF2015_LALOWI1_10,FoodAccessSF2015_LALOWI05_10,FoodAccessSF2015_LALOWI1_20,FoodAccessSF2015_lapophalf,FoodAccessSF2015_lapophalfshare,FoodAccessSF2015_lalowihalf,FoodAccessSF2015_lalowihalfshare,FoodAccessSF2015_lakidshalf,FoodAccessSF2015_lakidshalfshare,FoodAccessSF2015_laseniorshalf,FoodAccessSF2015_laseniorshalfshare,FoodAccessSF2015_lawhitehalf,FoodAccessSF2015_lawhitehalfshare,FoodAccessSF2015_lablackhalf,FoodAccessSF2015_lablackhalfshare,FoodAccessSF2015_laasianhalf,FoodAccessSF2015_laasianhalfshare,FoodAccessSF2015_lanhopihalf,FoodAccessSF2015_lanhopihalfshare,FoodAccessSF2015_laaianhalf,FoodAccessSF2015_laaianhalfshare,FoodAccessSF2015_laomultirhalf,FoodAccessSF2015_laomultirhalfshare,FoodAccessSF2015_lahisphalf,FoodAccessSF2015_lahisphalfshare,FoodAccessSF2015_lahunvhalf,FoodAccessSF2015_lahunvhalfshare,FoodAccessSF2015_lasnaphalf,FoodAccessSF2015_lasnaphalfshare,FoodAccessSF2015_lapop1,FoodAccessSF2015_lapop1share,FoodAccessSF2015_lalowi1,FoodAccessSF2015_lalowi1share,FoodAccessSF2015_lakids1,FoodAccessSF2015_lakids1share,FoodAccessSF2015_laseniors1,FoodAccessSF2015_laseniors1share,FoodAccessSF2015_lawhite1,FoodAccessSF2015_lawhite1share,FoodAccessSF2015_lablack1,FoodAccessSF2015_lablack1share,FoodAccessSF2015_laasian1,FoodAccessSF2015_laasian1share,FoodAccessSF2015_lanhopi1,FoodAccessSF2015_lanhopi1share,FoodAccessSF2015_laaian1,FoodAccessSF2015_laaian1share,FoodAccessSF2015_laomultir1,FoodAccessSF2015_laomultir1share,FoodAccessSF2015_lahisp1,FoodAccessSF2015_lahisp1share,FoodAccessSF2015_lahunv1,FoodAccessSF2015_lahunv1share,FoodAccessSF2015_lasnap1,FoodAccessSF2015_lasnap1share,FoodAccessSF2015_lapop10,FoodAccessSF2015_lapop10share,FoodAccessSF2015_lalowi10,FoodAccessSF2015_lalowi10share,FoodAccessSF2015_lakids10,FoodAccessSF2015_lakids10share,FoodAccessSF2015_laseniors10,FoodAccessSF2015_laseniors10share,FoodAccessSF2015_lawhite10,FoodAccessSF2015_lawhite10share,FoodAccessSF2015_lablack10,FoodAccessSF2015_lablack10share,FoodAccessSF2015_laasian10,FoodAccessSF2015_laasian10share,FoodAccessSF2015_lanhopi10,FoodAccessSF2015_lanhopi10share,FoodAccessSF2015_laaian10,FoodAccessSF2015_laaian10share,FoodAccessSF2015_laomultir10,FoodAccessSF2015_laomultir10share,FoodAccessSF2015_lahisp10,FoodAccessSF2015_lahisp10share,FoodAccessSF2015_lahunv10,FoodAccessSF2015_lahunv10share,FoodAccessSF2015_lasnap10,FoodAccessSF2015_lasnap10share,FoodAccessSF2015_lapop20,FoodAccessSF2015_lapop20share,FoodAccessSF2015_lalowi20,FoodAccessSF2015_lalowi20share,FoodAccessSF2015_lakids20,FoodAccessSF2015_lakids20share,FoodAccessSF2015_laseniors20,FoodAccessSF2015_laseniors20share,FoodAccessSF2015_lawhite20,FoodAccessSF2015_lawhite20share,FoodAccessSF2015_lablack20,FoodAccessSF2015_lablack20share,FoodAccessSF2015_laasian20,FoodAccessSF2015_laasian20share,FoodAccessSF2015_lanhopi20,FoodAccessSF2015_lanhopi20share,FoodAccessSF2015_laaian20,FoodAccessSF2015_laaian20share,FoodAccessSF2015_laomultir20,FoodAccessSF2015_laomultir20share,FoodAccessSF2015_lahisp20,FoodAccessSF2015_lahisp20share,FoodAccessSF2015_lahunv20,FoodAccessSF2015_lahunv20share,FoodAccessSF2015_lasnap20,FoodAccessSF2015_lasnap20share,FoodAccessSF2015_TractLOWI,FoodAccessSF2015_TractKids,FoodAccessSF2015_TractSeniors,FoodAccessSF2015_TractWhite,FoodAccessSF2015_TractBlack,FoodAccessSF2015_TractAsian,FoodAccessSF2015_TractNHOPI,FoodAccessSF2015_TractAIAN,FoodAccessSF2015_TractOMultir,FoodAccessSF2015_TractHispanic,FoodAccessSF2015_TractHUNV,FoodAccessSF2015_TractSNAP
"06","075","010200",1400000US06075010200,"06075010200","102",CT,515958,295388,California,San Francisco,"1","4143","2544","0","5","0.0012069","0","0","0","0","1","0","6.8","138333","0","1","0","1","0","0","0","1","0","837.9503717","0","0","150.5820801","0","837.9503717","0.202256908","150.5820801","0.036346145","50.75940569","0.012251848","130.9542007","0.031608545","663.394047","0.160124076","1.791028976","0.000432302","120.5158627","0.029089033","0.989446003","0.000238824","1.989446003","0.000480195","49.27054232","0.011892479","49.26077699","0.011890122","102.1380218","0.040148593","4.704695188","0.00184933","0","0","0","0","0","0","0","0","0","0","0","0","0","0","0","0","0","0","0","0","0","0","0","0","0","0","0","0","0","0","0","0","0","0","0","0","0","0","0","0","0","0","0","0","0","0","0","0","0","0","0","0","0","0","0","0","0","0","0","0","0","0","0","0","0","0","0","0","0","0","0","0","0","0","0","0","0","0","681","256","722","3518","28","419","6","6","166","211","765","25"
"06","075","011200",1400000US06075011200,"06075011200","112",CT,177414,0,California,San Francisco,"1","3286","1858","0","2","0.0006086","0","0","0","0","0","0","13.9","104219","0","0","0","0","0","0","0","0","0","0","0","0","0","0","0","0","0","0","0","0","0","0","0","0","0","0","0","0","0","0","0","0","0","0","0","0","0","0","0","0","0","0","0","0","0","0","0","0","0","0","0","0","0","0","0","0","0","0","0","0","0","0","0","0","0","0","0","0","0","0","0","0","0","0","0","0","0","0","0","0","0","0","0","0","0","0","0","0","0","0","0","0","0","0","0","0","0","0","0","0","0","0","0","0","0","0","0","0","0","0","0","0","0","0","0","0","0","0","893","220","729","1929","52","1150","6","3","146","188","735","10"
"06","075","012401",1400000US06075012401,"06075012401","124.01",CT,91972,0,California,San Francisco,"1","5075","2698","0","100","0.0197044","0","0","0","0","0","1","26.7","26449","0","0","0","0","0","0","0","0","0","0","0","0","0","0","0","0","0","0","0","0","0","0","0","0","0","0","0","0","0","0","0","0","0","0","0","0","0","0","0","0","0","0","0","0","0","0","0","0","0","0","0","0","0","0","0","0","0","0","0","0","0","0","0","0","0","0","0","0","0","0","0","0","0","0","0","0","0","0","0","0","0","0","0","0","0","0","0","0","0","0","0","0","0","0","0","0","0","0","0","0","0","0","0","0","0","0","0","0","0","0","0","0","0","0","0","0","0","0","3481","638","513","1830","529","1279","20","62","1355","1852","2077","494"
"06","075","013300",1400000US06075013300,"06075013300","133",CT,581310,0,California,San Francisco,"1","4232","1887","0","255","0.0602552","0","0","0","0","0","0","11.3","250000","0","0","0","0","0","0","0","0","0","0","0","0","0","0","0","0","0","0","0","0","0","0","0","0","0","0","0","0","0","0","0","0","0","0","0","0","0","0","0","0","0","0","0","0","0","0","0","0","0","0","0","0","0","0","0","0","0","0","0","0","0","0","0","0","0","0","0","0","0","0","0","0","0","0","0","0","0","0","0","0","0","0","0","0","0","0","0","0","0","0","0","0","0","0","0","0","0","0","0","0","0","0","0","0","0","0","0","0","0","0","0","0","0","0","0","0","0","0","792","752","976","3571","55","439","2","9","156","194","402","0"
"06","075","015400",1400000US06075015400,"06075015400","154",CT,719491,0,California,San Francisco,"1","5621","2839","0","9","0.0016011","0","0","0","0","0","0","6.6","128750","0","0","0","0","0","0","0","0","0","0","0","0","0","0","0","0","0","0","0","0","0","0","0","0","0","0","0","0","0","0","0","0","0","0","0","0","0","0","0","0","0","0","0","0","0","0","0","0","0","0","0","0","0","0","0","0","0","0","0","0","0","0","0","0","0","0","0","0","0","0","0","0","0","0","0","0","0","0","0","0","0","0","0","0","0","0","0","0","0","0","0","0","0","0","0","0","0","0","0","0","0","0","0","0","0","0","0","0","0","0","0","0","0","0","0","0","0","0","1120","726","787","3838","167","1257","14","8","337","365","732","119"
"06","075","016300",1400000US06075016300,"06075016300","163",CT,245866,0,California,San Francisco,"1","4293","2047","0","81","0.0188679","0","0","0","0","0","0","19","79091","0","0","0","0","0","0","0","0","0","0","0","0","0","0","0","0","0","0","0","0","0","0","0","0","0","0","0","0","0","0","0","0","0","0","0","0","0","0","0","0","0","0","0","0","0","0","0","0","0","0","0","0","0","0","0","0","0","0","0","0","0","0","0","0","0","0","0","0","0","0","0","0","0","0","0","0","0","0","0","0","0","0","0","0","0","0","0","0","0","0","0","0","0","0","0","0","0","0","0","0","0","0","0","0","0","0","0","0","0","0","0","0","0","0","0","0","0","0","1486","412","339","2428","826","574","8","23","434","550","863","129"
"06","075","017801",1400000US06075017801,"06075017801","178.01",CT,214052,0,California,San Francisco,"1","3499","2198","0","300","0.0857388","0","0","0","0","0","1","34.2","42157","0","0","0","0","0","0","0","0","0","0","0","0","0","0","0","0","0","0","0","0","0","0","0","0","0","0","0","0","0","0","0","0","0","0","0","0","0","0","0","0","0","0","0","0","0","0","0","0","0","0","0","0","0","0","0","0","0","0","0","0","0","0","0","0","0","0","0","0","0","0","0","0","0","0","0","0","0","0","0","0","0","0","0","0","0","0","0","0","0","0","0","0","0","0","0","0","0","0","0","0","0","0","0","0","0","0","0","0","0","0","0","0","0","0","0","0","0","0","1765","76","2016","986","114","2268","2","4","125","139","1601","15"
"06","075","020800",1400000US06075020800,"06075020800","208",CT,346098,0,California,San Francisco,"1","6577","2543","0","132","0.0200699","0","0","0","0","0","1","21","53491","0","0","0","0","0","0","0","0","0","0","0","0","0","0","0","0","0","0","0","0","0","0","0","0","0","0","0","0","0","0","0","0","0","0","0","0","0","0","0","0","0","0","0","0","0","0","0","0","0","0","0","0","0","0","0","0","0","0","0","0","0","0","0","0","0","0","0","0","0","0","0","0","0","0","0","0","0","0","0","0","0","0","0","0","0","0","0","0","0","0","0","0","0","0","0","0","0","0","0","0","0","0","0","0","0","0","0","0","0","0","0","0","0","0","0","0","0","0","2642","793","581","3371","180","889","8","118","2011","3346","1156","153"
"06","075","022704",1400000US06075022704,"06075022704","227.04",CT,544609,0,California,San Francisco,"1","3122","1611","0","5","0.0016015","0","0","0","0","0","0","3.9","173661","0","0","0","0","0","0","0","0","0","0","0","0","0","0","0","0","0","0","0","0","0","0","0","0","0","0","0","0","0","0","0","0","0","0","0","0","0","0","0","0","0","0","0","0","0","0","0","0","0","0","0","0","0","0","0","0","0","0","0","0","0","0","0","0","0","0","0","0","0","0","0","0","0","0","0","0","0","0","0","0","0","0","0","0","0","0","0","0","0","0","0","0","0","0","0","0","0","0","0","0","0","0","0","0","0","0","0","0","0","0","0","0","0","0","0","0","0","0","309","335","317","2407","43","420","2","12","238","249","143","20"
"06","075","023300",1400000US06075023300,"06075023300","233",CT,635979,0,California,San Francisco,"1","2624","620","0","0","0","0","0","0","0","0","1","10.6","70156","0","0","0","0","0","0","0","0","0","355.5873375","0","0","94.35030222","0","355.5873375","0.135513467","94.35030222","0.03595667","98.14323425","0.037402147","36.56300485","0.013934072","36.7690829","0.014012608","87.26910573","0.033258043","111.9738054","0.042672944","0","0","2.881714582","0.001098214","116.6936264","0.044471656","150.5305481","0.057366825","7.201774515","0.011615765","9.244068719","0.014909788","0","0","0","0","0","0","0","0","0","0","0","0","0","0","0","0","0","0","0","0","0","0","0","0","0","0","0","0","0","0","0","0","0","0","0","0","0","0","0","0","0","0","0","0","0","0","0","0","0","0","0","0","0","0","0","0","0","0","0","0","0","0","0","0","0","0","0","0","0","0","0","0","0","0","0","0","0","0","891","616","306","219","293","1672","10","21","409","552","67","86"
"06","075","025800",1400000US06075025800,"06075025800","258",CT,241710,0,California,San Francisco,"1","1960","572","0","21","0.0107143","0","0","0","0","0","1","23.6","59833","0","0","0","0","0","0","0","0","0","285.6267406","0","0","132.0603631","0","285.6267406","0.145727929","132.0603631","0.067377736","62.30493331","0.031788231","33.06367183","0.01686922","47.65090227","0.024311685","49.16607827","0.025084734","130.7856879","0.066727392","0","0","1.151747733","0.000587626","56.87232614","0.029016493","72.49571538","0.03698761","9.464069158","0.016545575","12.93014419","0.022605147","0","0","0","0","0","0","0","0","0","0","0","0","0","0","0","0","0","0","0","0","0","0","0","0","0","0","0","0","0","0","0","0","0","0","0","0","0","0","0","0","0","0","0","0","0","0","0","0","0","0","0","0","0","0","0","0","0","0","0","0","0","0","0","0","0","0","0","0","0","0","0","0","0","0","0","0","0","0","846","382","263","358","160","1114","3","7","318","427","42","85"
"06","075","030202",1400000US06075030202,"06075030202","302.02",CT,355664,0,California,San Francisco,"1","4313","2084","0","30","0.0069557","0","0","0","0","0","0","12.8","113657","0","0","0","0","0","0","0","0","0","0","0","0","0","0","0","0","0","0","0","0","0","0","0","0","0","0","0","0","0","0","0","0","0","0","0","0","0","0","0","0","0","0","0","0","0","0","0","0","0","0","0","0","0","0","0","0","0","0","0","0","0","0","0","0","0","0","0","0","0","0","0","0","0","0","0","0","0","0","0","0","0","0","0","0","0","0","0","0","0","0","0","0","0","0","0","0","0","0","0","0","0","0","0","0","0","0","0","0","0","0","0","0","0","0","0","0","0","0","1042","455","408","2516","83","1356","5","10","343","342","542","0"
"06","075","031400",1400000US06075031400,"06075031400","314",CT,770543,0,California,San Francisco,"1","6676","1791","0","82","0.0122828","0","1","0","0","0","1","17.1","61890","0","1","0","1","0","0","0","0","0","632.0629172","0","0","145.2350463","0","632.0629172","0.09467689","145.2350463","0.0217548","116.9075359","0.017511614","77.98593509","0.011681536","170.7083974","0.025570461","128.2743282","0.019214249","269.9037497","0.040428962","9.994348526","0.001497056","3.192284744","0.000478173","49.989811","0.007487988","132.3229495","0.019820693","6.343335997","0.003541784","13.37340988","0.007467007","0","0","0","0","0","0","0","0","0","0","0","0","0","0","0","0","0","0","0","0","0","0","0","0","0","0","0","0","0","0","0","0","0","0","0","0","0","0","0","0","0","0","0","0","0","0","0","0","0","0","0","0","0","0","0","0","0","0","0","0","0","0","0","0","0","0","0","0","0","0","0","0","0","0","0","0","0","0","2753","1237","810","1274","1030","3092","51","25","1204","1718","192","137"
"06","075","040200",1400000US06075040200,"06075040200","402",CT,531470,0,California,San Francisco,"1","5191","2352","0","26","0.0050087","0","0","0","0","0","0","8.5","125893","0","0","0","0","0","0","0","0","0","0","0","0","0","0","0","0","0","0","0","0","0","0","0","0","0","0","0","0","0","0","0","0","0","0","0","0","0","0","0","0","0","0","0","0","0","0","0","0","0","0","0","0","0","0","0","0","0","0","0","0","0","0","0","0","0","0","0","0","0","0","0","0","0","0","0","0","0","0","0","0","0","0","0","0","0","0","0","0","0","0","0","0","0","0","0","0","0","0","0","0","0","0","0","0","0","0","0","0","0","0","0","0","0","0","0","0","0","0","812","765","767","2711","42","1995","11","18","414","391","700","46"
"06","075","045100",1400000US06075045100,"06075045100","451",CT,384459,0,California,San Francisco,"1","4996","2150","0","9","0.0018014","0","0","0","0","0","0","17.4","89375","0","0","0","0","0","0","0","0","0","0","0","0","0","0","0","0","0","0","0","0","0","0","0","0","0","0","0","0","0","0","0","0","0","0","0","0","0","0","0","0","0","0","0","0","0","0","0","0","0","0","0","0","0","0","0","0","0","0","0","0","0","0","0","0","0","0","0","0","0","0","0","0","0","0","0","0","0","0","0","0","0","0","0","0","0","0","0","0","0","0","0","0","0","0","0","0","0","0","0","0","0","0","0","0","0","0","0","0","0","0","0","0","0","0","0","0","0","0","1955","625","621","2152","103","2336","12","16","377","336","680","118"
"06","075","031201",1400000US06075031201,"06075031201","312.01",CT,512112,0,California,San Francisco,"1","6167","1740","0","94","0.0152424","0","0","0","0","0","0","14.2","85938","0","1","0","1","0","0","0","0","0","1215.268897","0","0","363.6163492","0","1215.268897","0.19705998","363.6163492","0.058961626","212.7710729","0.034501552","163.9801018","0.026589931","322.0301529","0.052218283","142.6604427","0.023132875","604.2870645","0.0979872","15.76844954","0.002556908","3.155445755","0.000511666","127.3673401","0.020653047","155.8677214","0.025274481","40.94889311","0.023533847","16.43811135","0.00944719","0","0","0","0","0","0","0","0","0","0","0","0","0","0","0","0","0","0","0","0","0","0","0","0","0","0","0","0","0","0","0","0","0","0","0","0","0","0","0","0","0","0","0","0","0","0","0","0","0","0","0","0","0","0","0","0","0","0","0","0","0","0","0","0","0","0","0","0","0","0","0","0","0","0","0","0","0","0","2370","1097","807","1159","538","3672","35","27","736","977","251","87"
"06","075","023400",1400000US06075023400,"06075023400","234",CT,854096,0,California,San Francisco,"1","3660","964","0","0","0","0","1","0","1","1","1","25.7","51049","0","1","0","1","0","0","0","1","178.3773723","3403.787176","178.3773723","126.4817843","2122.22809","126.4817843","3403.787176","0.929996496","2122.22809","0.57984374","1042.567867","0.284854609","265.4574132","0.072529348","329.9000733","0.090136632","1168.572067","0.319281985","657.2816033","0.179585138","190.0000019","0.051912569","13.26652205","0.003624733","1044.766878","0.285455431","1142.582175","0.312180922","225.295871","0.23370941","187.6463005","0.194653839","178.3773723","0.048736987","126.4817843","0.034557865","60.73412132","0.016594022","7.205181852","0.001968629","13.31922078","0.003639131","70.41824591","0.019239958","36.49410164","0.009971066","13.55205098","0.003702746","0.057663713","1.57551E-05","44.53608489","0.012168329","44.01087022","0.012024828","13.61298551","0.014121354","10.18222697","0.010562476","0","0","0","0","0","0","0","0","0","0","0","0","0","0","0","0","0","0","0","0","0","0","0","0","0","0","0","0","0","0","0","0","0","0","0","0","0","0","0","0","0","0","0","0","0","0","0","0","0","0","0","0","2328","1090","350","352","1239","739","190","14","1126","1225","237","202"
"06","075","025900",1400000US06075025900,"06075025900","259",CT,658503,81108,California,San Francisco,"1","4261","1327","0","57","0.0133771","0","0","0","0","0","0","5.7","100781","0","1","0","1","0","0","0","0","0","1682.092043","0","0","408.1427844","0","1682.092043","0.394764619","408.1427844","0.09578568","298.4044348","0.07003155","335.3296009","0.078697395","479.3397283","0.112494656","110.0320054","0.025823047","832.7287836","0.195430365","8.446897516","0.001982374","7.906851292","0.001855633","243.637761","0.05717854","293.4460547","0.068867884","58.50895846","0.044091152","13.90388444","0.010477682","0","0","0","0","0","0","0","0","0","0","0","0","0","0","0","0","0","0","0","0","0","0","0","0","0","0","0","0","0","0","0","0","0","0","0","0","0","0","0","0","0","0","0","0","0","0","0","0","0","0","0","0","0","0","0","0","0","0","0","0","0","0","0","0","0","0","0","0","0","0","0","0","0","0","0","0","0","0","699","796","714","1035","436","2099","19","20","652","797","183","36"
"06","075","026003",1400000US06075026003,"06075026003","260.03",CT,402979,0,California,San Francisco,"1","4908","1314","0","0","0","0","1","0","0","0","1","4.5","53382","0","1","0","1","0","0","0","0","0","867.3269412","0","0","381.2188681","0","867.3269412","0.176716981","381.2188681","0.077672956","150.8560591","0.030736768","147.6181241","0.030077042","286.0187066","0.05827602","38.22462121","0.007788228","369.3087111","0.075246274","2.533961941","0.000516292","10.4632515","0.002131877","160.7776822","0.032758289","289.2282786","0.058929967","32.28209147","0.024567802","11.88621269","0.009045824","0","0","0","0","0","0","0","0","0","0","0","0","0","0","0","0","0","0","0","0","0","0","0","0","0","0","0","0","0","0","0","0","0","0","0","0","0","0","0","0","0","0","0","0","0","0","0","0","0","0","0","0","0","0","0","0","0","0","0","0","0","0","0","0","0","0","0","0","0","0","0","0","0","0","0","0","0","0","2180","953","661","1430","131","2117","24","77","1129","1910","102","62"
"06","075","030201",1400000US06075030201,"06075030201","302.01",CT,360958,0,California,San Francisco,"1","3928","1842","0","4","0.0010183","0","0","0","0","0","0","9.1","123810","0","0","0","0","0","0","0","0","0","0","0","0","0","0","0","0","0","0","0","0","0","0","0","0","0","0","0","0","0","0","0","0","0","0","0","0","0","0","0","0","0","0","0","0","0","0","0","0","0","0","0","0","0","0","0","0","0","0","0","0","0","0","0","0","0","0","0","0","0","0","0","0","0","0","0","0","0","0","0","0","0","0","0","0","0","0","0","0","0","0","0","0","0","0","0","0","0","0","0","0","0","0","0","0","0","0","0","0","0","0","0","0","0","0","0","0","0","0","717","455","478","2221","46","1362","2","12","285","288","340","15"
"06","075","011800",1400000US06075011800,"06075011800","118",CT,56564,0,California,San Francisco,"1","1500","695","0","13","0.0086667","0","0","0","0","0","1","35.6","29792","0","0","0","0","0","0","0","0","0","0","0","0","0","0","0","0","0","0","0","0","0","0","0","0","0","0","0","0","0","0","0","0","0","0","0","0","0","0","0","0","0","0","0","0","0","0","0","0","0","0","0","0","0","0","0","0","0","0","0","0","0","0","0","0","0","0","0","0","0","0","0","0","0","0","0","0","0","0","0","0","0","0","0","0","0","0","0","0","0","0","0","0","0","0","0","0","0","0","0","0","0","0","0","0","0","0","0","0","0","0","0","0","0","0","0","0","0","0","1269","164","371","124","12","1327","0","1","36","38","572","117"
"06","075","012201",1400000US06075012201,"06075012201","122.01",CT,92048,0,California,San Francisco,"1","4567","2667","0","49","0.0107291","0","0","0","0","0","1","23.1","56218","0","0","0","0","0","0","0","0","0","0","0","0","0","0","0","0","0","0","0","0","0","0","0","0","0","0","0","0","0","0","0","0","0","0","0","0","0","0","0","0","0","0","0","0","0","0","0","0","0","0","0","0","0","0","0","0","0","0","0","0","0","0","0","0","0","0","0","0","0","0","0","0","0","0","0","0","0","0","0","0","0","0","0","0","0","0","0","0","0","0","0","0","0","0","0","0","0","0","0","0","0","0","0","0","0","0","0","0","0","0","0","0","0","0","0","0","0","0","2112","387","420","2190","259","1169","10","41","898","1276","2119","372"
"06","075","012402",1400000US06075012402,"06075012402","124.02",CT,358024,0,California,San Francisco,"1","3974","2254","0","539","0.1356316","0","0","0","0","0","1","29.2","49135","0","0","0","0","0","0","0","0","0","0","0","0","0","0","0","0","0","0","0","0","0","0","0","0","0","0","0","0","0","0","0","0","0","0","0","0","0","0","0","0","0","0","0","0","0","0","0","0","0","0","0","0","0","0","0","0","0","0","0","0","0","0","0","0","0","0","0","0","0","0","0","0","0","0","0","0","0","0","0","0","0","0","0","0","0","0","0","0","0","0","0","0","0","0","0","0","0","0","0","0","0","0","0","0","0","0","0","0","0","0","0","0","0","0","0","0","0","0","1367","334","538","2031","424","907","9","40","563","777","1547","234"
"06","075","016400",1400000US06075016400,"06075016400","164",CT,309099,0,California,San Francisco,"1","3778","1811","0","218","0.0577025","0","0","0","0","0","0","13.4","109406","0","0","0","0","0","0","0","0","0","0","0","0","0","0","0","0","0","0","0","0","0","0","0","0","0","0","0","0","0","0","0","0","0","0","0","0","0","0","0","0","0","0","0","0","0","0","0","0","0","0","0","0","0","0","0","0","0","0","0","0","0","0","0","0","0","0","0","0","0","0","0","0","0","0","0","0","0","0","0","0","0","0","0","0","0","0","0","0","0","0","0","0","0","0","0","0","0","0","0","0","0","0","0","0","0","0","0","0","0","0","0","0","0","0","0","0","0","0","908","251","364","2565","370","373","8","19","443","480","731","64"
"06","075","016801",1400000US06075016801,"06075016801","168.01",CT,226535,0,California,San Francisco,"1","3218","1634","0","41","0.0127408","0","0","0","0","0","0","10.3","131250","0","0","0","0","0","0","0","0","0","0","0","0","0","0","0","0","0","0","0","0","0","0","0","0","0","0","0","0","0","0","0","0","0","0","0","0","0","0","0","0","0","0","0","0","0","0","0","0","0","0","0","0","0","0","0","0","0","0","0","0","0","0","0","0","0","0","0","0","0","0","0","0","0","0","0","0","0","0","0","0","0","0","0","0","0","0","0","0","0","0","0","0","0","0","0","0","0","0","0","0","0","0","0","0","0","0","0","0","0","0","0","0","0","0","0","0","0","0","778","232","169","2327","269","315","4","13","290","390","663","53"
"06","075","017700",1400000US06075017700,"06075017700","177",CT,903842,0,California,San Francisco,"1","2128","744","0","277","0.1301692","0","0","0","0","0","1","16.7","57188","0","0","0","0","0","0","0","0","0","0","0","0","0","0","0","0","0","0","0","0","0","0","0","0","0","0","0","0","0","0","0","0","0","0","0","0","0","0","0","0","0","0","0","0","0","0","0","0","0","0","0","0","0","0","0","0","0","0","0","0","0","0","0","0","0","0","0","0","0","0","0","0","0","0","0","0","0","0","0","0","0","0","0","0","0","0","0","0","0","0","0","0","0","0","0","0","0","0","0","0","0","0","0","0","0","0","0","0","0","0","0","0","0","0","0","0","0","0","540","229","127","1183","108","299","11","27","500","724","236","37"
"06","075","020300",1400000US06075020300,"06075020300","203",CT,285950,0,California,San Francisco,"1","3034","1661","0","25","0.0082399","0","0","0","0","0","0","13.3","98500","0","0","0","0","0","0","0","0","0","0","0","0","0","0","0","0","0","0","0","0","0","0","0","0","0","0","0","0","0","0","0","0","0","0","0","0","0","0","0","0","0","0","0","0","0","0","0","0","0","0","0","0","0","0","0","0","0","0","0","0","0","0","0","0","0","0","0","0","0","0","0","0","0","0","0","0","0","0","0","0","0","0","0","0","0","0","0","0","0","0","0","0","0","0","0","0","0","0","0","0","0","0","0","0","0","0","0","0","0","0","0","0","0","0","0","0","0","0","634","152","230","2208","77","368","5","20","356","465","556","38"
"06","075","020700",1400000US06075020700,"06075020700","207",CT,347105,0,California,San Francisco,"1","5171","2718","0","45","0.0087024","0","0","0","0","0","0","9.9","130417","0","0","0","0","0","0","0","0","0","0","0","0","0","0","0","0","0","0","0","0","0","0","0","0","0","0","0","0","0","0","0","0","0","0","0","0","0","0","0","0","0","0","0","0","0","0","0","0","0","0","0","0","0","0","0","0","0","0","0","0","0","0","0","0","0","0","0","0","0","0","0","0","0","0","0","0","0","0","0","0","0","0","0","0","0","0","0","0","0","0","0","0","0","0","0","0","0","0","0","0","0","0","0","0","0","0","0","0","0","0","0","0","0","0","0","0","0","0","885","463","427","3803","105","568","5","24","666","939","919","40"
"06","075","021400",1400000US06075021400,"06075021400","214",CT,353319,0,California,San Francisco,"1","3264","1619","0","2","0.0006127","0","0","0","0","0","0","3.4","151607","0","0","0","0","0","0","0","0","0","0","0","0","0","0","0","0","0","0","0","0","0","0","0","0","0","0","0","0","0","0","0","0","0","0","0","0","0","0","0","0","0","0","0","0","0","0","0","0","0","0","0","0","0","0","0","0","0","0","0","0","0","0","0","0","0","0","0","0","0","0","0","0","0","0","0","0","0","0","0","0","0","0","0","0","0","0","0","0","0","0","0","0","0","0","0","0","0","0","0","0","0","0","0","0","0","0","0","0","0","0","0","0","0","0","0","0","0","0","243","430","276","2567","44","352","2","12","287","393","266","24"
"06","075","022702",1400000US06075022702,"06075022702","227.02",CT,283840,0,California,San Francisco,"1","2060","981","0","47","0.0228155","0","0","0","0","0","0","5","175125","0","0","0","0","0","0","0","0","0","0","0","0","0","0","0","0","0","0","0","0","0","0","0","0","0","0","0","0","0","0","0","0","0","0","0","0","0","0","0","0","0","0","0","0","0","0","0","0","0","0","0","0","0","0","0","0","0","0","0","0","0","0","0","0","0","0","0","0","0","0","0","0","0","0","0","0","0","0","0","0","0","0","0","0","0","0","0","0","0","0","0","0","0","0","0","0","0","0","0","0","0","0","0","0","0","0","0","0","0","0","0","0","0","0","0","0","0","0","148","249","219","1598","51","236","0","2","173","254","56","0"
"06","075","032901",1400000US06075032901,"06075032901","329.01",CT,671900,0,California,San Francisco,"1","5021","1700","0","18","0.0035849","0","0","0","0","0","0","10.4","79028","0","1","0","1","0","0","0","0","0","2637.41495","0","0","588.3027432","0","2637.41495","0.525276827","588.3027432","0.117168441","419.2659143","0.083502472","450.6938388","0.089761768","865.6082425","0.172397579","34.05727275","0.006782966","1628.319113","0.324301755","2.883485244","0.000574285","8.769268785","0.001746518","97.77758162","0.019473727","135.1902269","0.026924961","71.05885943","0.041799329","24.60094486","0.014471144","0","0","0","0","0","0","0","0","0","0","0","0","0","0","0","0","0","0","0","0","0","0","0","0","0","0","0","0","0","0","0","0","0","0","0","0","0","0","0","0","0","0","0","0","0","0","0","0","0","0","0","0","0","0","0","0","0","0","0","0","0","0","0","0","0","0","0","0","0","0","0","0","0","0","0","0","0","0","1167","812","885","1590","48","3142","5","16","220","250","152","50"
"06","075","033203",1400000US06075033203,"06075033203","332.03",CT,437679,0,California,San Francisco,"1","3472","1478","0","0","0","0","1","0","0","0","1","24.2","69444","0","1","0","1","0","0","0","0","0","538.487808","0","0","235.1752098","0","538.487808","0.155094415","235.1752098","0.067734795","60.9000338","0.017540332","59.34355104","0.017092037","272.9604454","0.07861764","34.25586891","0.009866322","149.4299047","0.043038567","0.713285476","0.000205439","2.625835692","0.000756289","78.50247067","0.022610159","73.70233047","0.02122763","41.43962638","0.028037636","1.188647797","0.000804227","0","0","0","0","0","0","0","0","0","0","0","0","0","0","0","0","0","0","0","0","0","0","0","0","0","0","0","0","0","0","0","0","0","0","0","0","0","0","0","0","0","0","0","0","0","0","0","0","0","0","0","0","0","0","0","0","0","0","0","0","0","0","0","0","0","0","0","0","0","0","0","0","0","0","0","0","0","0","1455","387","413","1753","233","1002","6","17","461","494","323","8"
"06","075","040100",1400000US06075040100,"06075040100","401",CT,419128,0,California,San Francisco,"1","4088","1863","0","82","0.0200587","0","0","0","0","0","0","12.6","108942","0","0","0","0","0","0","0","0","0","0","0","0","0","0","0","0","0","0","0","0","0","0","0","0","0","0","0","0","0","0","0","0","0","0","0","0","0","0","0","0","0","0","0","0","0","0","0","0","0","0","0","0","0","0","0","0","0","0","0","0","0","0","0","0","0","0","0","0","0","0","0","0","0","0","0","0","0","0","0","0","0","0","0","0","0","0","0","0","0","0","0","0","0","0","0","0","0","0","0","0","0","0","0","0","0","0","0","0","0","0","0","0","0","0","0","0","0","0","1130","486","622","2290","73","1425","5","5","290","324","477","54"
"06","075","042602",1400000US06075042602,"06075042602","426.02",CT,332059,0,California,San Francisco,"1","3243","1411","0","4","0.0012334","0","0","0","0","0","0","5.5","105030","0","0","0","0","0","0","0","0","0","0","0","0","0","0","0","0","0","0","0","0","0","0","0","0","0","0","0","0","0","0","0","0","0","0","0","0","0","0","0","0","0","0","0","0","0","0","0","0","0","0","0","0","0","0","0","0","0","0","0","0","0","0","0","0","0","0","0","0","0","0","0","0","0","0","0","0","0","0","0","0","0","0","0","0","0","0","0","0","0","0","0","0","0","0","0","0","0","0","0","0","0","0","0","0","0","0","0","0","0","0","0","0","0","0","0","0","0","0","570","575","451","1850","41","1116","1","9","226","183","297","17"
"06","075","047901",1400000US06075047901,"06075047901","479.01",CT,1166617,4096057,California,San Francisco,"1","6400","2670","0","78","0.0121875","0","0","0","0","1","0","8.3","92219","0","1","0","1","0","0","0","1","0","2708.153436","0","0","557.4731166","0","2708.153436","0.423148974","557.4731166","0.087105174","388.1774253","0.060652723","498.7309578","0.077926712","1015.831371","0.158723652","47.94124755","0.00749082","1506.429641","0.235379631","3.829867384","0.000598417","6.040714085","0.000943862","128.0806061","0.020012595","122.7326763","0.019176981","105.6954622","0.039586315","32.21089662","0.012064006","0","0","0","0","0","0","0","0","0","0","0","0","0","0","0","0","0","0","0","0","0","0","0","0","0","0","0","0","0","0","0","0","0","0","0","0","0","0","0","0","0","0","0","0","0","0","0","0","0","0","0","0","0","0","0","0","0","0","0","0","0","0","0","0","0","0","0","0","0","0","0","0","0","0","0","0","0","0","1670","865","1090","2897","156","2929","9","20","389","375","336","80"
"06","075","061100",1400000US06075061100,"06075061100","611",CT,239861,0,California,San Francisco,"1","4307","2135","0","12","0.0027862","0","0","0","0","0","1","38.4","20435","0","0","0","0","0","0","0","0","0","0","0","0","0","0","0","0","0","0","0","0","0","0","0","0","0","0","0","0","0","0","0","0","0","0","0","0","0","0","0","0","0","0","0","0","0","0","0","0","0","0","0","0","0","0","0","0","0","0","0","0","0","0","0","0","0","0","0","0","0","0","0","0","0","0","0","0","0","0","0","0","0","0","0","0","0","0","0","0","0","0","0","0","0","0","0","0","0","0","0","0","0","0","0","0","0","0","0","0","0","0","0","0","0","0","0","0","0","0","3592","527","1368","244","108","3870","3","2","80","91","1673","236"
"06","075","031301",1400000US06075031301,"06075031301","313.01",CT,451932,0,California,San Francisco,"1","3826","1261","0","18","0.0047047","0","0","0","0","0","0","9","99286","0","1","0","1","0","0","0","0","0","1115.769096","0","0","232.0165281","0","1115.769096","0.291628096","232.0165281","0.060642062","193.3761491","0.050542642","179.4490038","0.04690251","303.5875028","0.079348537","247.6717896","0.064733871","458.6505153","0.119877291","3.726299949","0.000973941","3.082346037","0.000805631","99.05062828","0.025888821","80.77031586","0.021110903","59.01403522","0.046799394","2.910000199","0.002307692","0","0","0","0","0","0","0","0","0","0","0","0","0","0","0","0","0","0","0","0","0","0","0","0","0","0","0","0","0","0","0","0","0","0","0","0","0","0","0","0","0","0","0","0","0","0","0","0","0","0","0","0","0","0","0","0","0","0","0","0","0","0","0","0","0","0","0","0","0","0","0","0","0","0","0","0","0","0","1165","634","600","961","696","1863","8","8","290","286","184","10"
"06","075","025403",1400000US06075025403,"06075025403","254.03",CT,516564,0,California,San Francisco,"1","4267","1436","0","15","0.0035154","0","0","0","0","0","1","12.6","74899","0","0","0","0","0","0","0","0","0","0","0","0","0","0","0","0","0","0","0","0","0","0","0","0","0","0","0","0","0","0","0","0","0","0","0","0","0","0","0","0","0","0","0","0","0","0","0","0","0","0","0","0","0","0","0","0","0","0","0","0","0","0","0","0","0","0","0","0","0","0","0","0","0","0","0","0","0","0","0","0","0","0","0","0","0","0","0","0","0","0","0","0","0","0","0","0","0","0","0","0","0","0","0","0","0","0","0","0","0","0","0","0","0","0","0","0","0","0","1868","873","495","1837","328","1094","33","31","944","1594","236","282"
"06","075","015600",1400000US06075015600,"06075015600","156",CT,293930,0,California,San Francisco,"1","2728","1272","0","10","0.0036657","0","0","0","0","0","0","14.9","92031","0","0","0","0","0","0","0","0","0","0","0","0","0","0","0","0","0","0","0","0","0","0","0","0","0","0","0","0","0","0","0","0","0","0","0","0","0","0","0","0","0","0","0","0","0","0","0","0","0","0","0","0","0","0","0","0","0","0","0","0","0","0","0","0","0","0","0","0","0","0","0","0","0","0","0","0","0","0","0","0","0","0","0","0","0","0","0","0","0","0","0","0","0","0","0","0","0","0","0","0","0","0","0","0","0","0","0","0","0","0","0","0","0","0","0","0","0","0","825","328","326","1597","64","819","5","6","237","193","311","100"
"06","075","021300",1400000US06075021300,"06075021300","213",CT,312361,0,California,San Francisco,"1","2474","1171","0","0","0","0","0","0","0","0","0","3.2","171736","0","0","0","0","0","0","0","0","0","401.8472252","0","0","54.72197342","0","401.8472252","0.162428143","54.72197342","0.022118825","42.74782562","0.01727883","33.79616785","0.013660537","332.7466164","0.13449742","6.122433215","0.00247471","32.5718286","0.013165654","0.203220159","8.21423E-05","3.22957474","0.001305406","26.97355747","0.010902812","24.62652731","0.009954134","16.91116512","0.014441644","0","0","0","0","0","0","0","0","0","0","0","0","0","0","0","0","0","0","0","0","0","0","0","0","0","0","0","0","0","0","0","0","0","0","0","0","0","0","0","0","0","0","0","0","0","0","0","0","0","0","0","0","0","0","0","0","0","0","0","0","0","0","0","0","0","0","0","0","0","0","0","0","0","0","0","0","0","0","0","0","307","384","236","1987","21","247","1","20","198","196","116","0"
"06","075","032802",1400000US06075032802,"06075032802","328.02",CT,548900,97204,California,San Francisco,"1","4047","1443","0","0","0","0","0","0","0","0","0","16.2","85833","0","0","0","0","0","0","0","0","0","407.2016802","0","0","155.8102856","0","407.2016802","0.100618157","155.8102856","0.038500194","44.06358123","0.010887962","53.634866","0.013252994","130.1212029","0.032152509","3.086470213","0.000762656","251.5343518","0.062153287","1.394496471","0.000344575","0.57239496","0.000141437","20.49276768","0.005063694","20.16391629","0.004982435","31.0659675","0.021528737","4.309247799","0.002986312","0","0","0","0","0","0","0","0","0","0","0","0","0","0","0","0","0","0","0","0","0","0","0","0","0","0","0","0","0","0","0","0","0","0","0","0","0","0","0","0","0","0","0","0","0","0","0","0","0","0","0","0","0","0","0","0","0","0","0","0","0","0","0","0","0","0","0","0","0","0","0","0","0","0","0","0","0","0","986","575","667","1228","36","2603","4","4","172","156","207","39"
"06","075","047801",1400000US06075047801,"06075047801","478.01",CT,476606,0,California,San Francisco,"1","4005","1634","0","25","0.0062422","0","0","0","0","0","0","10","88625","0","1","0","1","0","0","0","0","0","633.3848864","0","0","155.4157516","0","633.3848864","0.158148536","155.4157516","0.038805431","94.88760445","0.023692286","116.0821289","0.028984302","264.6064162","0.066069018","7.94658836","0.001984167","318.711597","0.079578426","0.011382796","2.84215E-06","0","0","42.10889777","0.010514082","34.3233776","0.008570132","52.40748599","0.032073125","8.032382997","0.004915779","0","0","0","0","0","0","0","0","0","0","0","0","0","0","0","0","0","0","0","0","0","0","0","0","0","0","0","0","0","0","0","0","0","0","0","0","0","0","0","0","0","0","0","0","0","0","0","0","0","0","0","0","0","0","0","0","0","0","0","0","0","0","0","0","0","0","0","0","0","0","0","0","0","0","0","0","0","0","911","543","713","1530","46","2189","3","3","234","223","267","49"
"06","075","012100",1400000US06075012100,"06075012100","121",CT,123394,0,California,San Francisco,"1","3833","2194","0","616","0.1607096","0","0","0","0","0","1","17.4","44712","0","0","0","0","0","0","0","0","0","0","0","0","0","0","0","0","0","0","0","0","0","0","0","0","0","0","0","0","0","0","0","0","0","0","0","0","0","0","0","0","0","0","0","0","0","0","0","0","0","0","0","0","0","0","0","0","0","0","0","0","0","0","0","0","0","0","0","0","0","0","0","0","0","0","0","0","0","0","0","0","0","0","0","0","0","0","0","0","0","0","0","0","0","0","0","0","0","0","0","0","0","0","0","0","0","0","0","0","0","0","0","0","0","0","0","0","0","0","1242","134","288","2171","190","1018","4","42","408","497","1907","56"
"06","075","013101",1400000US06075013101,"06075013101","131.01",CT,173030,0,California,San Francisco,"1","3811","2389","0","73","0.0191551","0","0","0","0","0","0","2.9","228056","0","0","0","0","0","0","0","0","0","0","0","0","0","0","0","0","0","0","0","0","0","0","0","0","0","0","0","0","0","0","0","0","0","0","0","0","0","0","0","0","0","0","0","0","0","0","0","0","0","0","0","0","0","0","0","0","0","0","0","0","0","0","0","0","0","0","0","0","0","0","0","0","0","0","0","0","0","0","0","0","0","0","0","0","0","0","0","0","0","0","0","0","0","0","0","0","0","0","0","0","0","0","0","0","0","0","0","0","0","0","0","0","0","0","0","0","0","0","292","221","416","2926","71","593","7","7","207","254","611","0"
"06","075","012602",1400000US06075012602,"06075012602","126.02",CT,629712,544217,California,San Francisco,"1","2909","1724","0","16","0.0055002","0","0","0","0","0","0","4.5","179821","0","0","0","0","0","0","0","0","0","7.053363323","0","0","1.005781263","0","7.053363323","0.002424669","1.005781263","0.000345748","0.322234876","0.000110772","2.577879012","0.000886174","5.585404634","0.001920043","0.214823246","7.38478E-05","1.145723999","0.000393855","0","0","0","0","0.107411623","3.69239E-05","0.107411623","3.69239E-05","0.707392707","0.000410321","0.016967467","9.84192E-06","0","0","0","0","0","0","0","0","0","0","0","0","0","0","0","0","0","0","0","0","0","0","0","0","0","0","0","0","0","0","0","0","0","0","0","0","0","0","0","0","0","0","0","0","0","0","0","0","0","0","0","0","0","0","0","0","0","0","0","0","0","0","0","0","0","0","0","0","0","0","0","0","0","0","0","0","0","0","226","302","399","2500","19","293","2","1","94","134","226","8"
"06","075","015802",1400000US06075015802,"06075015802","158.02",CT,170744,0,California,San Francisco,"1","2965","1491","0","75","0.0252951","0","0","0","0","0","0","11.8","126875","0","0","0","0","0","0","0","0","0","0","0","0","0","0","0","0","0","0","0","0","0","0","0","0","0","0","0","0","0","0","0","0","0","0","0","0","0","0","0","0","0","0","0","0","0","0","0","0","0","0","0","0","0","0","0","0","0","0","0","0","0","0","0","0","0","0","0","0","0","0","0","0","0","0","0","0","0","0","0","0","0","0","0","0","0","0","0","0","0","0","0","0","0","0","0","0","0","0","0","0","0","0","0","0","0","0","0","0","0","0","0","0","0","0","0","0","0","0","801","191","254","2077","354","255","10","10","259","301","608","32"
"06","075","031202",1400000US06075031202,"06075031202","312.02",CT,309420,0,California,San Francisco,"1","3137","837","0","0","0","0","0","0","0","0","1","14.7","74406","0","0","0","0","0","0","0","0","0","0.006935716","0","0","0.001887757","0","0.006935716","2.21094E-06","0.001887757","6.01772E-07","0.001525131","4.86175E-07","0.000835191","2.66239E-07","0.001634069","5.20902E-07","0.001089379","3.47268E-07","0.002832387","9.02897E-07","0","0","7.26253E-05","2.31512E-08","0.001307255","4.16722E-07","0.001670382","5.32477E-07","0.000148044","1.76874E-07","0.000117564","1.40459E-07","0","0","0","0","0","0","0","0","0","0","0","0","0","0","0","0","0","0","0","0","0","0","0","0","0","0","0","0","0","0","0","0","0","0","0","0","0","0","0","0","0","0","0","0","0","0","0","0","0","0","0","0","0","0","0","0","0","0","0","0","0","0","0","0","0","0","0","0","0","0","0","0","0","0","0","0","0","0","727","570","355","515","377","1837","4","12","392","541","144","54"
"06","075","012700",1400000US06075012700,"06075012700","127",CT,437783,217992,California,San Francisco,"1","3492","2098","0","9","0.0025773","0","0","0","0","0","0","8.1","190039","0","0","0","0","0","0","0","0","0","0","0","0","0","0","0","0","0","0","0","0","0","0","0","0","0","0","0","0","0","0","0","0","0","0","0","0","0","0","0","0","0","0","0","0","0","0","0","0","0","0","0","0","0","0","0","0","0","0","0","0","0","0","0","0","0","0","0","0","0","0","0","0","0","0","0","0","0","0","0","0","0","0","0","0","0","0","0","0","0","0","0","0","0","0","0","0","0","0","0","0","0","0","0","0","0","0","0","0","0","0","0","0","0","0","0","0","0","0","435","399","422","2980","15","340","6","4","147","189","259","13"
"06","075","047702",1400000US06075047702,"06075047702","477.02",CT,352786,0,California,San Francisco,"1","3824","1554","0","2","0.000523","0","0","0","0","0","0","6.9","103086","0","0","0","0","0","0","0","0","0","0","0","0","0","0","0","0","0","0","0","0","0","0","0","0","0","0","0","0","0","0","0","0","0","0","0","0","0","0","0","0","0","0","0","0","0","0","0","0","0","0","0","0","0","0","0","0","0","0","0","0","0","0","0","0","0","0","0","0","0","0","0","0","0","0","0","0","0","0","0","0","0","0","0","0","0","0","0","0","0","0","0","0","0","0","0","0","0","0","0","0","0","0","0","0","0","0","0","0","0","0","0","0","0","0","0","0","0","0","829","558","658","1552","69","1970","3","10","220","185","333","8"
"06","075","045200",1400000US06075045200,"06075045200","452",CT,592224,0,California,San Francisco,"1","6474","2735","0","11","0.0016991","0","0","0","0","0","0","17.2","101000","0","0","0","0","0","0","0","0","0","0","0","0","0","0","0","0","0","0","0","0","0","0","0","0","0","0","0","0","0","0","0","0","0","0","0","0","0","0","0","0","0","0","0","0","0","0","0","0","0","0","0","0","0","0","0","0","0","0","0","0","0","0","0","0","0","0","0","0","0","0","0","0","0","0","0","0","0","0","0","0","0","0","0","0","0","0","0","0","0","0","0","0","0","0","0","0","0","0","0","0","0","0","0","0","0","0","0","0","0","0","0","0","0","0","0","0","0","0","1781","941","936","2984","96","2900","12","30","452","398","785","109"
"06","075","012000",1400000US06075012000,"06075012000","120",CT,125229,0,California,San Francisco,"1","3833","2546","0","80","0.0208714","0","0","0","0","0","1","19.7","37904","0","0","0","0","0","0","0","0","0","0","0","0","0","0","0","0","0","0","0","0","0","0","0","0","0","0","0","0","0","0","0","0","0","0","0","0","0","0","0","0","0","0","0","0","0","0","0","0","0","0","0","0","0","0","0","0","0","0","0","0","0","0","0","0","0","0","0","0","0","0","0","0","0","0","0","0","0","0","0","0","0","0","0","0","0","0","0","0","0","0","0","0","0","0","0","0","0","0","0","0","0","0","0","0","0","0","0","0","0","0","0","0","0","0","0","0","0","0","1663","205","447","1992","175","1108","8","29","521","578","2143","159"
"06","075","020100",1400000US06075020100,"06075020100","201",CT,445707,0,California,San Francisco,"1","6172","2948","0","284","0.0460143","0","0","0","0","0","1","25.7","36818","0","0","0","0","0","0","0","0","0","0","0","0","0","0","0","0","0","0","0","0","0","0","0","0","0","0","0","0","0","0","0","0","0","0","0","0","0","0","0","0","0","0","0","0","0","0","0","0","0","0","0","0","0","0","0","0","0","0","0","0","0","0","0","0","0","0","0","0","0","0","0","0","0","0","0","0","0","0","0","0","0","0","0","0","0","0","0","0","0","0","0","0","0","0","0","0","0","0","0","0","0","0","0","0","0","0","0","0","0","0","0","0","0","0","0","0","0","0","2652","580","651","3105","384","945","24","225","1489","2656","1530","533"
"06","075","023003",1400000US06075023003,"06075023003","230.03",CT,409146,0,California,San Francisco,"1","4093","1154","0","0","0","0","0","0","0","0","0","11.6","86789","0","0","0","0","0","0","0","0","0","0","0","0","0","0","0","0","0","0","0","0","0","0","0","0","0","0","0","0","0","0","0","0","0","0","0","0","0","0","0","0","0","0","0","0","0","0","0","0","0","0","0","0","0","0","0","0","0","0","0","0","0","0","0","0","0","0","0","0","0","0","0","0","0","0","0","0","0","0","0","0","0","0","0","0","0","0","0","0","0","0","0","0","0","0","0","0","0","0","0","0","0","0","0","0","0","0","0","0","0","0","0","0","0","0","0","0","0","0","966","837","517","514","1039","1729","14","37","760","962","115","134"
"06","075","031000",1400000US06075031000,"06075031000","310",CT,819576,0,California,San Francisco,"1","3494","1271","0","4","0.0011448","0","0","0","0","0","0","5.3","126744","0","0","0","0","0","0","0","0","0","319.9980276","0","0","59.86967954","0","319.9980276","0.091585011","59.86967954","0.017134997","58.10376358","0.016629583","57.11378011","0.016346245","198.4918011","0.056809331","4.326584034","0.00123829","102.7629306","0.029411257","0.247727852","7.09009E-05","0.247727852","7.09009E-05","13.921251","0.003984331","21.91799366","0.006273038","8.324107181","0.006549258","1.775087999","0.001396607","0","0","0","0","0","0","0","0","0","0","0","0","0","0","0","0","0","0","0","0","0","0","0","0","0","0","0","0","0","0","0","0","0","0","0","0","0","0","0","0","0","0","0","0","0","0","0","0","0","0","0","0","0","0","0","0","0","0","0","0","0","0","0","0","0","0","0","0","0","0","0","0","0","0","0","0","0","0","563","628","588","1982","103","1154","3","12","240","371","100","20"
"06","075","010300",1400000US06075010300,"06075010300","103",CT,268266,0,California,San Francisco,"1","3852","2026","0","0","0","0","0","0","0","0","0","17.8","108112","0","0","0","0","0","0","0","0","0","0","0","0","0","0","0","0","0","0","0","0","0","0","0","0","0","0","0","0","0","0","0","0","0","0","0","0","0","0","0","0","0","0","0","0","0","0","0","0","0","0","0","0","0","0","0","0","0","0","0","0","0","0","0","0","0","0","0","0","0","0","0","0","0","0","0","0","0","0","0","0","0","0","0","0","0","0","0","0","0","0","0","0","0","0","0","0","0","0","0","0","0","0","0","0","0","0","0","0","0","0","0","0","0","0","0","0","0","0","1406","314","673","2460","36","1176","4","5","171","198","877","55"
"06","075","010700",1400000US06075010700,"06075010700","107",CT,183170,0,California,San Francisco,"1","5592","2778","0","0","0","0","0","0","0","0","1","20.7","31317","0","0","0","0","0","0","0","0","0","0","0","0","0","0","0","0","0","0","0","0","0","0","0","0","0","0","0","0","0","0","0","0","0","0","0","0","0","0","0","0","0","0","0","0","0","0","0","0","0","0","0","0","0","0","0","0","0","0","0","0","0","0","0","0","0","0","0","0","0","0","0","0","0","0","0","0","0","0","0","0","0","0","0","0","0","0","0","0","0","0","0","0","0","0","0","0","0","0","0","0","0","0","0","0","0","0","0","0","0","0","0","0","0","0","0","0","0","0","2970","588","1627","908","85","4440","2","12","145","167","1806","208"
"06","075","015801",1400000US06075015801,"06075015801","158.01",CT,343931,0,California,San Francisco,"1","3594","1635","0","89","0.0247635","0","0","0","0","0","1","13.7","67885","0","0","0","0","0","0","0","0","0","0","0","0","0","0","0","0","0","0","0","0","0","0","0","0","0","0","0","0","0","0","0","0","0","0","0","0","0","0","0","0","0","0","0","0","0","0","0","0","0","0","0","0","0","0","0","0","0","0","0","0","0","0","0","0","0","0","0","0","0","0","0","0","0","0","0","0","0","0","0","0","0","0","0","0","0","0","0","0","0","0","0","0","0","0","0","0","0","0","0","0","0","0","0","0","0","0","0","0","0","0","0","0","0","0","0","0","0","0","1328","563","456","1537","1033","654","10","14","346","399","733","108"
"06","075","016100",1400000US06075016100,"06075016100","161",CT,368899,0,California,San Francisco,"1","5366","2756","0","11","0.0020499","0","0","0","0","0","1","39.5","19652","0","0","0","0","0","0","0","0","0","0","0","0","0","0","0","0","0","0","0","0","0","0","0","0","0","0","0","0","0","0","0","0","0","0","0","0","0","0","0","0","0","0","0","0","0","0","0","0","0","0","0","0","0","0","0","0","0","0","0","0","0","0","0","0","0","0","0","0","0","0","0","0","0","0","0","0","0","0","0","0","0","0","0","0","0","0","0","0","0","0","0","0","0","0","0","0","0","0","0","0","0","0","0","0","0","0","0","0","0","0","0","0","0","0","0","0","0","0","3192","748","1395","1640","2047","1188","30","14","447","522","1540","322"
"06","075","016200",1400000US06075016200,"06075016200","162",CT,273256,0,California,San Francisco,"1","2541","1594","0","39","0.0153483","0","0","0","0","0","1","16.6","60833","0","0","0","0","0","0","0","0","0","0","0","0","0","0","0","0","0","0","0","0","0","0","0","0","0","0","0","0","0","0","0","0","0","0","0","0","0","0","0","0","0","0","0","0","0","0","0","0","0","0","0","0","0","0","0","0","0","0","0","0","0","0","0","0","0","0","0","0","0","0","0","0","0","0","0","0","0","0","0","0","0","0","0","0","0","0","0","0","0","0","0","0","0","0","0","0","0","0","0","0","0","0","0","0","0","0","0","0","0","0","0","0","0","0","0","0","0","0","841","121","256","1701","180","391","7","16","246","338","851","72"
"06","075","017000",1400000US06075017000,"06075017000","170",CT,469547,0,California,San Francisco,"1","3689","2125","0","0","0","0","0","0","0","0","0","7.1","156458","0","0","0","0","0","0","0","0","0","0","0","0","0","0","0","0","0","0","0","0","0","0","0","0","0","0","0","0","0","0","0","0","0","0","0","0","0","0","0","0","0","0","0","0","0","0","0","0","0","0","0","0","0","0","0","0","0","0","0","0","0","0","0","0","0","0","0","0","0","0","0","0","0","0","0","0","0","0","0","0","0","0","0","0","0","0","0","0","0","0","0","0","0","0","0","0","0","0","0","0","0","0","0","0","0","0","0","0","0","0","0","0","0","0","0","0","0","0","447","259","492","3110","52","317","5","6","199","285","400","0"
"06","075","017902",1400000US06075017902,"06075017902","179.02",CT,2705146,123857178,California,San Francisco,"1","2880","656","0","698","0.2423611","1","1","1","1","1","1","50","25524","1","1","1","1","1","0","0","1","2880.000033","2880.000033","2880.000033","2048.293395","2048.293395","2048.293395","2880.000033","1.000000011","2048.293395","0.711212984","555.0000011","0.192708334","30.0000004","0.010416667","1011.000018","0.351041673","724.0000044","0.25138889","525.000005","0.182291668","28.00000045","0.009722222","36.99999993","0.012847222","555.0000005","0.192708333","663.0000022","0.230208334","177.5796175","0.270700636","175.4904471","0.267515925","2880.000033","1.000000011","2048.293395","0.711212984","555.0000011","0.192708334","30.0000004","0.010416667","1011.000018","0.351041673","724.0000044","0.25138889","525.000005","0.182291668","28.00000045","0.009722222","36.99999993","0.012847222","555.0000005","0.192708333","663.0000022","0.230208334","177.5796175","0.270700636","175.4904471","0.267515925","0","0","0","0","0","0","0","0","0","0","0","0","0","0","0","0","0","0","0","0","0","0","0","0","0","0","0","0","0","0","0","0","0","0","0","0","0","0","0","0","0","0","0","0","0","0","0","0","0","0","0","0","2017","555","30","1011","724","525","28","37","555","663","170","168"
"06","075","020401",1400000US06075020401,"06075020401","204.01",CT,327217,0,California,San Francisco,"1","2846","1591","0","1","0.0003514","0","0","0","0","0","0","2.4","136500","0","1","0","1","0","0","0","0","0","902.0637314","0","0","61.91309629","0","902.0637314","0.316958444","61.91309629","0.021754426","52.72830804","0.018527164","105.5516319","0.037087713","704.0127843","0.247369214","12.49733523","0.004391193","128.8133152","0.045261179","0.455732886","0.000160131","2.083450049","0.000732063","54.20112071","0.019044666","61.43230805","0.021585491","30.54945605","0.019201418","2.175973156","0.001367676","0","0","0","0","0","0","0","0","0","0","0","0","0","0","0","0","0","0","0","0","0","0","0","0","0","0","0","0","0","0","0","0","0","0","0","0","0","0","0","0","0","0","0","0","0","0","0","0","0","0","0","0","0","0","0","0","0","0","0","0","0","0","0","0","0","0","0","0","0","0","0","0","0","0","0","0","0","0","270","187","275","2285","59","320","2","9","171","211","143","7"
"06","075","021600",1400000US06075021600,"06075021600","216",CT,597916,0,California,San Francisco,"1","3836","2026","0","0","0","0","0","0","0","0","0","6","141000","0","0","0","0","0","0","0","0","0","0","0","0","0","0","0","0","0","0","0","0","0","0","0","0","0","0","0","0","0","0","0","0","0","0","0","0","0","0","0","0","0","0","0","0","0","0","0","0","0","0","0","0","0","0","0","0","0","0","0","0","0","0","0","0","0","0","0","0","0","0","0","0","0","0","0","0","0","0","0","0","0","0","0","0","0","0","0","0","0","0","0","0","0","0","0","0","0","0","0","0","0","0","0","0","0","0","0","0","0","0","0","0","0","0","0","0","0","0","571","457","578","2497","216","744","25","12","342","374","166","71"
"06","075","030101",1400000US06075030101,"06075030101","301.01",CT,346434,0,California,San Francisco,"1","4233","1997","0","120","0.0283487","0","0","0","0","0","0","14.3","104276","0","0","0","0","0","0","0","0","0","0","0","0","0","0","0","0","0","0","0","0","0","0","0","0","0","0","0","0","0","0","0","0","0","0","0","0","0","0","0","0","0","0","0","0","0","0","0","0","0","0","0","0","0","0","0","0","0","0","0","0","0","0","0","0","0","0","0","0","0","0","0","0","0","0","0","0","0","0","0","0","0","0","0","0","0","0","0","0","0","0","0","0","0","0","0","0","0","0","0","0","0","0","0","0","0","0","0","0","0","0","0","0","0","0","0","0","0","0","1229","407","297","2856","91","947","4","17","318","331","539","66"
"06","075","030302",1400000US06075030302,"06075030302","303.02",CT,597811,0,California,San Francisco,"1","3549","1374","0","0","0","0","0","0","0","0","0","10.1","142125","0","1","0","1","0","0","0","0","0","1454.77582","0","0","336.469826","0","1454.77582","0.409911474","336.469826","0.094806939","251.4214627","0.070842903","218.7563641","0.061638874","602.9441804","0.169891288","10.00631679","0.002819475","732.7645868","0.20647072","0.40474204","0.000114044","0.477181353","0.000134455","108.1788083","0.03048149","96.43276908","0.027171814","61.59110572","0.044826132","3.721746459","0.002708695","0","0","0","0","0","0","0","0","0","0","0","0","0","0","0","0","0","0","0","0","0","0","0","0","0","0","0","0","0","0","0","0","0","0","0","0","0","0","0","0","0","0","0","0","0","0","0","0","0","0","0","0","0","0","0","0","0","0","0","0","0","0","0","0","0","0","0","0","0","0","0","0","0","0","0","0","0","0","768","595","573","1663","22","1610","2","7","245","226","135","10"
"06","075","030600",1400000US06075030600,"06075030600","306",CT,521626,0,California,San Francisco,"1","2221","865","0","7","0.0031517","0","0","0","0","0","0","3.1","146875","0","0","0","0","0","0","0","0","0","0","0","0","0","0","0","0","0","0","0","0","0","0","0","0","0","0","0","0","0","0","0","0","0","0","0","0","0","0","0","0","0","0","0","0","0","0","0","0","0","0","0","0","0","0","0","0","0","0","0","0","0","0","0","0","0","0","0","0","0","0","0","0","0","0","0","0","0","0","0","0","0","0","0","0","0","0","0","0","0","0","0","0","0","0","0","0","0","0","0","0","0","0","0","0","0","0","0","0","0","0","0","0","0","0","0","0","0","0","156","468","368","1453","39","559","2","3","165","176","48","6"
"06","075","031100",1400000US06075031100,"06075031100","311",CT,1078276,0,California,San Francisco,"1","6193","2462","0","2","0.0003229","0","0","0","0","0","0","8.2","120020","0","0","0","0","0","0","0","0","0","0","0","0","0","0","0","0","0","0","0","0","0","0","0","0","0","0","0","0","0","0","0","0","0","0","0","0","0","0","0","0","0","0","0","0","0","0","0","0","0","0","0","0","0","0","0","0","0","0","0","0","0","0","0","0","0","0","0","0","0","0","0","0","0","0","0","0","0","0","0","0","0","0","0","0","0","0","0","0","0","0","0","0","0","0","0","0","0","0","0","0","0","0","0","0","0","0","0","0","0","0","0","0","0","0","0","0","0","0","1090","931","836","3258","192","1957","29","28","729","1112","251","52"
"06","075","032602",1400000US06075032602,"06075032602","326.02",CT,472116,0,California,San Francisco,"1","4316","1669","0","31","0.0071826","0","0","0","0","0","1","13","75000","0","0","0","0","0","0","0","0","0","0","0","0","0","0","0","0","0","0","0","0","0","0","0","0","0","0","0","0","0","0","0","0","0","0","0","0","0","0","0","0","0","0","0","0","0","0","0","0","0","0","0","0","0","0","0","0","0","0","0","0","0","0","0","0","0","0","0","0","0","0","0","0","0","0","0","0","0","0","0","0","0","0","0","0","0","0","0","0","0","0","0","0","0","0","0","0","0","0","0","0","0","0","0","0","0","0","0","0","0","0","0","0","0","0","0","0","0","0","1286","580","847","1507","50","2516","7","5","231","178","250","46"
"06","075","021100",1400000US06075021100,"06075021100","211",CT,424230,0,California,San Francisco,"1","3853","1863","0","1","0.0002595","0","0","0","0","0","0","8.1","160000","0","0","0","0","0","0","0","0","0","0","0","0","0","0","0","0","0","0","0","0","0","0","0","0","0","0","0","0","0","0","0","0","0","0","0","0","0","0","0","0","0","0","0","0","0","0","0","0","0","0","0","0","0","0","0","0","0","0","0","0","0","0","0","0","0","0","0","0","0","0","0","0","0","0","0","0","0","0","0","0","0","0","0","0","0","0","0","0","0","0","0","0","0","0","0","0","0","0","0","0","0","0","0","0","0","0","0","0","0","0","0","0","0","0","0","0","0","0","583","536","379","3102","46","384","4","11","306","350","296","74"
"06","075","021800",1400000US06075021800,"06075021800","218",CT,500951,0,California,San Francisco,"1","3840","1768","0","26","0.0067708","0","0","0","0","0","0","6.7","166181","0","0","0","0","0","0","0","0","0","0","0","0","0","0","0","0","0","0","0","0","0","0","0","0","0","0","0","0","0","0","0","0","0","0","0","0","0","0","0","0","0","0","0","0","0","0","0","0","0","0","0","0","0","0","0","0","0","0","0","0","0","0","0","0","0","0","0","0","0","0","0","0","0","0","0","0","0","0","0","0","0","0","0","0","0","0","0","0","0","0","0","0","0","0","0","0","0","0","0","0","0","0","0","0","0","0","0","0","0","0","0","0","0","0","0","0","0","0","630","596","450","2987","69","390","1","16","377","553","240","17"
"06","075","023001",1400000US06075023001,"06075023001","230.01",CT,666063,0,California,San Francisco,"1","5216","1312","0","35","0.0067101","0","0","0","0","0","1","23.2","57386","0","0","0","0","0","0","0","0","0","0","0","0","0","0","0","0","0","0","0","0","0","0","0","0","0","0","0","0","0","0","0","0","0","0","0","0","0","0","0","0","0","0","0","0","0","0","0","0","0","0","0","0","0","0","0","0","0","0","0","0","0","0","0","0","0","0","0","0","0","0","0","0","0","0","0","0","0","0","0","0","0","0","0","0","0","0","0","0","0","0","0","0","0","0","0","0","0","0","0","0","0","0","0","0","0","0","0","0","0","0","0","0","0","0","0","0","0","0","2394","983","755","543","756","3317","24","17","559","785","324","158"
"06","075","023103",1400000US06075023103,"06075023103","231.03",CT,1255708,0,California,San Francisco,"1","3725","1202","0","18","0.0048322","0","1","0","1","1","1","47.6","19033","0","1","0","1","0","0","0","1","249.9924981","3191.258079","249.9924981","207.4341356","2713.382322","207.4341356","3191.258079","0.856713578","2713.382322","0.728424784","1205.640178","0.323661793","174.4941566","0.046844069","241.2627307","0.064768518","1781.880618","0.478357213","137.9322448","0.037028791","474.2845633","0.127324715","20.1313571","0.005404391","535.7665564","0.143829948","539.2639307","0.14476884","471.2804402","0.392080233","409.592018","0.34075875","249.9924981","0.06711208","207.4341356","0.055687016","91.06067618","0.024445819","10.29478104","0.0027637","24.47676616","0.006570944","123.0798179","0.033041562","23.83659697","0.006399086","22.91749322","0.006152347","0.868173097","0.000233067","54.81364871","0.014715073","53.50919529","0.014364885","31.58384428","0.026276077","33.4847639","0.027857541","0","0","0","0","0","0","0","0","0","0","0","0","0","0","0","0","0","0","0","0","0","0","0","0","0","0","0","0","0","0","0","0","0","0","0","0","0","0","0","0","0","0","0","0","0","0","0","0","0","0","0","0","2465","1400","207","263","2128","156","546","24","608","604","458","418"
"06","075","025401",1400000US06075025401,"06075025401","254.01",CT,363715,12207,California,San Francisco,"1","3404","1276","0","16","0.0047004","0","0","0","0","0","0","10.2","109659","0","0","0","0","0","0","0","0","0","0","0","0","0","0","0","0","0","0","0","0","0","0","0","0","0","0","0","0","0","0","0","0","0","0","0","0","0","0","0","0","0","0","0","0","0","0","0","0","0","0","0","0","0","0","0","0","0","0","0","0","0","0","0","0","0","0","0","0","0","0","0","0","0","0","0","0","0","0","0","0","0","0","0","0","0","0","0","0","0","0","0","0","0","0","0","0","0","0","0","0","0","0","0","0","0","0","0","0","0","0","0","0","0","0","0","0","0","0","1049","602","322","1942","173","437","24","16","812","1278","377","70"
"06","075","025701",1400000US06075025701,"06075025701","257.01",CT,627371,0,California,San Francisco,"1","4788","1331","0","18","0.0037594","0","0","0","0","0","0","13.1","81116","0","0","0","0","0","0","0","0","0","365.7910576","0","0","73.70271969","0","365.7910576","0.076397464","73.70271969","0.015393216","66.26986504","0.013840824","62.21584034","0.012994119","99.09429836","0.020696386","5.223684669","0.001090995","208.4614086","0.043538306","4.424607992","0.000924104","0","0","48.58706093","0.010147674","72.75121689","0.01519449","5.083352506","0.003819198","3.627503097","0.002725397","0","0","0","0","0","0","0","0","0","0","0","0","0","0","0","0","0","0","0","0","0","0","0","0","0","0","0","0","0","0","0","0","0","0","0","0","0","0","0","0","0","0","0","0","0","0","0","0","0","0","0","0","0","0","0","0","0","0","0","0","0","0","0","0","0","0","0","0","0","0","0","0","0","0","0","0","0","0","1326","910","703","1021","171","2889","34","14","659","1073","248","50"
"06","075","026004",1400000US06075026004,"06075026004","260.04",CT,336229,0,California,San Francisco,"1","4315","1144","0","3","0.0006952","0","0","0","0","0","1","11.4","65385","0","0","0","0","0","0","0","0","0","0","0","0","0","0","0","0","0","0","0","0","0","0","0","0","0","0","0","0","0","0","0","0","0","0","0","0","0","0","0","0","0","0","0","0","0","0","0","0","0","0","0","0","0","0","0","0","0","0","0","0","0","0","0","0","0","0","0","0","0","0","0","0","0","0","0","0","0","0","0","0","0","0","0","0","0","0","0","0","0","0","0","0","0","0","0","0","0","0","0","0","0","0","0","0","0","0","0","0","0","0","0","0","0","0","0","0","0","0","1731","866","519","1142","52","1990","18","42","1071","1621","154","127"
"06","075","026301",1400000US06075026301,"06075026301","263.01",CT,367744,0,California,San Francisco,"1","4875","1273","0","13","0.0026667","0","0","0","0","0","1","11.6","53987","0","0","0","0","0","0","0","0","0","0","0","0","0","0","0","0","0","0","0","0","0","0","0","0","0","0","0","0","0","0","0","0","0","0","0","0","0","0","0","0","0","0","0","0","0","0","0","0","0","0","0","0","0","0","0","0","0","0","0","0","0","0","0","0","0","0","0","0","0","0","0","0","0","0","0","0","0","0","0","0","0","0","0","0","0","0","0","0","0","0","0","0","0","0","0","0","0","0","0","0","0","0","0","0","0","0","0","0","0","0","0","0","0","0","0","0","0","0","1874","881","739","977","45","2972","2","16","863","1369","256","41"
"06","075","047902",1400000US06075047902,"06075047902","479.02",CT,397735,0,California,San Francisco,"1","3536","1508","0","0","0","0","0","0","0","1","0","15.9","87401","0","1","0","1","0","0","0","1","0","2338.699023","0","0","720.0824854","0","2338.699023","0.661396783","720.0824854","0.203643237","328.7862261","0.09298253","376.6847936","0.106528505","1065.762705","0.30140348","28.89129609","0.008170615","1099.807537","0.311031543","2","0.000565611","6.002578905","0.001697562","136.2349054","0.038527971","150.970224","0.042695199","193.5528602","0.128350703","14.49079895","0.009609283","0","0","0","0","0","0","0","0","0","0","0","0","0","0","0","0","0","0","0","0","0","0","0","0","0","0","0","0","0","0","0","0","0","0","0","0","0","0","0","0","0","0","0","0","0","0","0","0","0","0","0","0","0","0","0","0","0","0","0","0","0","0","0","0","0","0","0","0","0","0","0","0","0","0","0","0","0","0","1066","495","579","1677","47","1566","2","8","236","237","269","22"
"06","075","032902",1400000US06075032902,"06075032902","329.02",CT,504600,0,California,San Francisco,"1","3831","1313","0","8","0.0020882","0","0","0","0","0","0","12.6","112961","0","0","0","0","0","0","0","0","0","0","0","0","0","0","0","0","0","0","0","0","0","0","0","0","0","0","0","0","0","0","0","0","0","0","0","0","0","0","0","0","0","0","0","0","0","0","0","0","0","0","0","0","0","0","0","0","0","0","0","0","0","0","0","0","0","0","0","0","0","0","0","0","0","0","0","0","0","0","0","0","0","0","0","0","0","0","0","0","0","0","0","0","0","0","0","0","0","0","0","0","0","0","0","0","0","0","0","0","0","0","0","0","0","0","0","0","0","0","982","621","689","1055","38","2582","3","5","148","186","149","81"
"06","075","033204",1400000US06075033204,"06075033204","332.04",CT,373253,0,California,San Francisco,"1","3821","1598","0","0","0","0","1","0","0","0","1","35.8","49750","0","1","0","1","0","0","0","0","0","563.6500697","0","0","378.5063286","0","563.6500697","0.147513758","378.5063286","0.099059495","40.41580534","0.010577285","52.59009507","0.013763438","245.0648271","0.064136306","33.43204474","0.008749554","198.4940538","0.051948195","0.154412478","4.04115E-05","9.848427534","0.002577448","76.65631092","0.020061845","88.79118586","0.023237683","58.46308291","0.036585158","4.817302464","0.003014582","0","0","0","0","0","0","0","0","0","0","0","0","0","0","0","0","0","0","0","0","0","0","0","0","0","0","0","0","0","0","0","0","0","0","0","0","0","0","0","0","0","0","0","0","0","0","0","0","0","0","0","0","0","0","0","0","0","0","0","0","0","0","0","0","0","0","0","0","0","0","0","0","0","0","0","0","0","0","1842","297","415","1709","250","1286","13","34","529","608","437","34"
"06","075","042700",1400000US06075042700,"06075042700","427",CT,406940,0,California,San Francisco,"1","5326","2352","0","31","0.0058205","0","0","0","0","0","1","16.4","67139","0","0","0","0","0","0","0","0","0","0","0","0","0","0","0","0","0","0","0","0","0","0","0","0","0","0","0","0","0","0","0","0","0","0","0","0","0","0","0","0","0","0","0","0","0","0","0","0","0","0","0","0","0","0","0","0","0","0","0","0","0","0","0","0","0","0","0","0","0","0","0","0","0","0","0","0","0","0","0","0","0","0","0","0","0","0","0","0","0","0","0","0","0","0","0","0","0","0","0","0","0","0","0","0","0","0","0","0","0","0","0","0","0","0","0","0","0","0","1901","704","918","2494","83","2371","4","25","349","344","772","113"
"06","075","061000",1400000US06075061000,"06075061000","610",CT,2169753,865060,California,San Francisco,"1","3610","1150","0","7","0.0019391","0","0","0","0","0","0","4.3","98480","0","1","0","1","0","0","0","0","8.492259592","2277.953474","8.492259592","0.567378731","201.3472132","0.567378731","2277.953474","0.631012043","201.3472132","0.055774851","393.4623215","0.108992333","212.7599004","0.058936261","394.4335185","0.109261362","410.6882983","0.113764072","1024.939511","0.283916762","7.999999985","0.002216066","18.46821807","0.00511585","421.4239084","0.116737925","436.3377138","0.120869173","33.07620156","0.028761914","21.17128111","0.01840981","8.492259592","0.002352426","0.567378731","0.000157169","1.698451929","0.000470485","1.698451929","0.000470485","2.547677889","0.000705728","0","0","1.698451929","0.000470485","0","0","0","0","4.246129796","0.001176213","4.246129796","0.001176213","0.113356077","9.85705E-05","0.110620615","9.61918E-05","0","0","0","0","0","0","0","0","0","0","0","0","0","0","0","0","0","0","0","0","0","0","0","0","0","0","0","0","0","0","0","0","0","0","0","0","0","0","0","0","0","0","0","0","0","0","0","0","0","0","0","0","581","640","391","547","481","1996","15","28","543","595","105","39"
"06","075","980401",1400000US06075980401,"06075980401","9804.01",CT,419323,247501289,California,San Francisco,"0","0","0","0","0","0","0","0","0","0","0","0","0","0","0","0","0","0","0","0","0","0","0","0","0","0","0","0","0","0","0","0","0","0","0","0","0","0","0","0","0","0","0","0","0","0","0","0","0","0","0","0","0","0","0","0","0","0","0","0","0","0","0","0","0","0","0","0","0","0","0","0","0","0","0","0","0","0","0","0","0","0","0","0","0","0","0","0","0","0","0","0","0","0","0","0","0","0","0","0","0","0","0","0","0","0","0","0","0","0","0","0","0","0","0","0","0","0","0","0","0","0","0","0","0","0","0","0","0","0","0","0","0","0","0","0","0","0","0","0","0","0","0","0"
"06","075","980900",1400000US06075980900,"06075980900","9809",CT,3585240,260707,California,San Francisco,"1","350","146","0","63","0.18","0","1","0","0","0","1","32.9","125714","0","1","0","1","0","0","0","0","0","194.6103486","0","0","69.61670992","0","194.6103486","0.556029567","69.61670992","0.198904885","3.666108668","0.010474596","8.229465649","0.023512759","132.4729677","0.378494194","15.30478128","0.043727947","20.99505493","0.059985871","1.246106178","0.003560303","0.300466917","0.000858477","24.29097012","0.069402772","25.20874766","0.072024993","18.03512065","0.123528224","9.711218946","0.066515198","0","0","0","0","0","0","0","0","0","0","0","0","0","0","0","0","0","0","0","0","0","0","0","0","0","0","0","0","0","0","0","0","0","0","0","0","0","0","0","0","0","0","0","0","0","0","0","0","0","0","0","0","0","0","0","0","0","0","0","0","0","0","0","0","0","0","0","0","0","0","0","0","0","0","0","0","0","0","88","12","16","215","38","30","2","1","64","81","26","14"
"06","075","015700",1400000US06075015700,"06075015700","157",CT,836664,0,California,San Francisco,"1","7832","2575","0","2412","0.3079673","0","0","0","0","0","0","14.5","123589","0","0","0","0","0","0","0","0","0","0","0","0","0","0","0","0","0","0","0","0","0","0","0","0","0","0","0","0","0","0","0","0","0","0","0","0","0","0","0","0","0","0","0","0","0","0","0","0","0","0","0","0","0","0","0","0","0","0","0","0","0","0","0","0","0","0","0","0","0","0","0","0","0","0","0","0","0","0","0","0","0","0","0","0","0","0","0","0","0","0","0","0","0","0","0","0","0","0","0","0","0","0","0","0","0","0","0","0","0","0","0","0","0","0","0","0","0","0","1449","578","697","4609","398","2062","21","21","721","821","714","45"
"06","075","010400",1400000US06075010400,"06075010400","104",CT,335744,0,California,San Francisco,"1","4545","2479","0","14","0.0030803","0","0","0","0","0","0","9.1","102179","0","0","0","0","0","0","0","0","0","0","0","0","0","0","0","0","0","0","0","0","0","0","0","0","0","0","0","0","0","0","0","0","0","0","0","0","0","0","0","0","0","0","0","0","0","0","0","0","0","0","0","0","0","0","0","0","0","0","0","0","0","0","0","0","0","0","0","0","0","0","0","0","0","0","0","0","0","0","0","0","0","0","0","0","0","0","0","0","0","0","0","0","0","0","0","0","0","0","0","0","0","0","0","0","0","0","0","0","0","0","0","0","0","0","0","0","0","0","914","393","699","3014","46","1270","7","4","204","239","815","17"
"06","075","010900",1400000US06075010900,"06075010900","109",CT,250647,0,California,San Francisco,"1","4320","2628","0","0","0","0","0","0","0","0","0","10.3","147727","0","0","0","0","0","0","0","0","0","0","0","0","0","0","0","0","0","0","0","0","0","0","0","0","0","0","0","0","0","0","0","0","0","0","0","0","0","0","0","0","0","0","0","0","0","0","0","0","0","0","0","0","0","0","0","0","0","0","0","0","0","0","0","0","0","0","0","0","0","0","0","0","0","0","0","0","0","0","0","0","0","0","0","0","0","0","0","0","0","0","0","0","0","0","0","0","0","0","0","0","0","0","0","0","0","0","0","0","0","0","0","0","0","0","0","0","0","0","783","226","706","3096","41","966","1","6","210","266","1309","15"
"06","075","026002",1400000US06075026002,"06075026002","260.02",CT,357872,0,California,San Francisco,"1","3544","955","0","414","0.1168172","0","0","0","0","0","1","6.8","63913","0","0","0","0","0","0","0","0","0","321.6031021","0","0","66.96911672","0","321.6031021","0.090745796","66.96911672","0.018896478","63.64387898","0.017958205","42.34171633","0.011947437","118.1357672","0.03333402","31.37393155","0.008852689","108.9952481","0.030754867","0.553745596","0.000156249","4.015335163","0.001132995","58.5290706","0.016514975","97.89618097","0.027623076","5.955877974","0.006236521","10.41129725","0.010901882","0","0","0","0","0","0","0","0","0","0","0","0","0","0","0","0","0","0","0","0","0","0","0","0","0","0","0","0","0","0","0","0","0","0","0","0","0","0","0","0","0","0","0","0","0","0","0","0","0","0","0","0","0","0","0","0","0","0","0","0","0","0","0","0","0","0","0","0","0","0","0","0","0","0","0","0","0","0","909","555","828","1409","143","1196","19","18","759","1187","74","92"
"06","075","047701",1400000US06075047701,"06075047701","477.01",CT,364728,0,California,San Francisco,"1","4334","1869","0","3","0.0006922","0","0","0","0","0","0","6.6","90238","0","0","0","0","0","0","0","0","0","0","0","0","0","0","0","0","0","0","0","0","0","0","0","0","0","0","0","0","0","0","0","0","0","0","0","0","0","0","0","0","0","0","0","0","0","0","0","0","0","0","0","0","0","0","0","0","0","0","0","0","0","0","0","0","0","0","0","0","0","0","0","0","0","0","0","0","0","0","0","0","0","0","0","0","0","0","0","0","0","0","0","0","0","0","0","0","0","0","0","0","0","0","0","0","0","0","0","0","0","0","0","0","0","0","0","0","0","0","1015","556","743","1738","84","2185","3","16","308","295","352","19"
"06","075","011902",1400000US06075011902,"06075011902","119.02",CT,93053,0,California,San Francisco,"1","2598","1700","0","0","0","0","0","0","0","0","1","19.8","36442","0","0","0","0","0","0","0","0","0","0","0","0","0","0","0","0","0","0","0","0","0","0","0","0","0","0","0","0","0","0","0","0","0","0","0","0","0","0","0","0","0","0","0","0","0","0","0","0","0","0","0","0","0","0","0","0","0","0","0","0","0","0","0","0","0","0","0","0","0","0","0","0","0","0","0","0","0","0","0","0","0","0","0","0","0","0","0","0","0","0","0","0","0","0","0","0","0","0","0","0","0","0","0","0","0","0","0","0","0","0","0","0","0","0","0","0","0","0","1010","131","233","1590","58","708","13","10","219","317","1275","27"
"06","075","012301",1400000US06075012301,"06075012301","123.01",CT,92148,0,California,San Francisco,"1","2734","1559","0","245","0.0896123","0","0","0","0","0","1","46","20612","0","0","0","0","0","0","0","0","0","0","0","0","0","0","0","0","0","0","0","0","0","0","0","0","0","0","0","0","0","0","0","0","0","0","0","0","0","0","0","0","0","0","0","0","0","0","0","0","0","0","0","0","0","0","0","0","0","0","0","0","0","0","0","0","0","0","0","0","0","0","0","0","0","0","0","0","0","0","0","0","0","0","0","0","0","0","0","0","0","0","0","0","0","0","0","0","0","0","0","0","0","0","0","0","0","0","0","0","0","0","0","0","0","0","0","0","0","0","1322","229","545","1113","334","852","2","25","408","600","1106","120"
"06","075","012501",1400000US06075012501,"06075012501","125.01",CT,135257,0,California,San Francisco,"1","5335","2205","0","1653","0.3098407","0","0","0","0","0","1","40.9","25417","0","0","0","0","0","0","0","0","0","0","0","0","0","0","0","0","0","0","0","0","0","0","0","0","0","0","0","0","0","0","0","0","0","0","0","0","0","0","0","0","0","0","0","0","0","0","0","0","0","0","0","0","0","0","0","0","0","0","0","0","0","0","0","0","0","0","0","0","0","0","0","0","0","0","0","0","0","0","0","0","0","0","0","0","0","0","0","0","0","0","0","0","0","0","0","0","0","0","0","0","0","0","0","0","0","0","0","0","0","0","0","0","0","0","0","0","0","0","2757","586","675","2233","923","1297","47","75","760","1022","1818","451"
"06","075","013000",1400000US06075013000,"06075013000","130",CT,365819,0,California,San Francisco,"1","4044","2409","0","0","0","0","0","0","0","0","0","9.3","170625","0","0","0","0","0","0","0","0","0","0","0","0","0","0","0","0","0","0","0","0","0","0","0","0","0","0","0","0","0","0","0","0","0","0","0","0","0","0","0","0","0","0","0","0","0","0","0","0","0","0","0","0","0","0","0","0","0","0","0","0","0","0","0","0","0","0","0","0","0","0","0","0","0","0","0","0","0","0","0","0","0","0","0","0","0","0","0","0","0","0","0","0","0","0","0","0","0","0","0","0","0","0","0","0","0","0","0","0","0","0","0","0","0","0","0","0","0","0","653","287","501","3436","25","417","2","7","157","227","650","13"
"06","075","013200",1400000US06075013200,"06075013200","132",CT,546678,0,California,San Francisco,"1","4162","2260","0","28","0.0067275","0","0","0","0","0","0","2.8","168750","0","0","0","0","0","0","0","0","0","0","0","0","0","0","0","0","0","0","0","0","0","0","0","0","0","0","0","0","0","0","0","0","0","0","0","0","0","0","0","0","0","0","0","0","0","0","0","0","0","0","0","0","0","0","0","0","0","0","0","0","0","0","0","0","0","0","0","0","0","0","0","0","0","0","0","0","0","0","0","0","0","0","0","0","0","0","0","0","0","0","0","0","0","0","0","0","0","0","0","0","0","0","0","0","0","0","0","0","0","0","0","0","0","0","0","0","0","0","334","578","706","3493","47","445","4","2","171","159","392","15"
"06","075","013400",1400000US06075013400,"06075013400","134",CT,354176,0,California,San Francisco,"1","3599","1979","0","44","0.0122256","0","0","0","0","0","0","5.8","192619","0","0","0","0","0","0","0","0","0","0","0","0","0","0","0","0","0","0","0","0","0","0","0","0","0","0","0","0","0","0","0","0","0","0","0","0","0","0","0","0","0","0","0","0","0","0","0","0","0","0","0","0","0","0","0","0","0","0","0","0","0","0","0","0","0","0","0","0","0","0","0","0","0","0","0","0","0","0","0","0","0","0","0","0","0","0","0","0","0","0","0","0","0","0","0","0","0","0","0","0","0","0","0","0","0","0","0","0","0","0","0","0","0","0","0","0","0","0","453","431","422","2989","56","368","8","3","175","182","445","12"
"06","075","013500",1400000US06075013500,"06075013500","135",CT,235184,0,California,San Francisco,"1","2556","1622","0","31","0.0121283","0","0","0","0","0","0","7.6","171250","0","0","0","0","0","0","0","0","0","0","0","0","0","0","0","0","0","0","0","0","0","0","0","0","0","0","0","0","0","0","0","0","0","0","0","0","0","0","0","0","0","0","0","0","0","0","0","0","0","0","0","0","0","0","0","0","0","0","0","0","0","0","0","0","0","0","0","0","0","0","0","0","0","0","0","0","0","0","0","0","0","0","0","0","0","0","0","0","0","0","0","0","0","0","0","0","0","0","0","0","0","0","0","0","0","0","0","0","0","0","0","0","0","0","0","0","0","0","277","226","358","2001","66","360","2","5","122","163","484","29"
"06","075","015300",1400000US06075015300,"06075015300","153",CT,233721,0,California,San Francisco,"1","2040","957","0","146","0.0715686","0","0","0","0","0","0","7.6","103594","0","0","0","0","0","0","0","0","0","0","0","0","0","0","0","0","0","0","0","0","0","0","0","0","0","0","0","0","0","0","0","0","0","0","0","0","0","0","0","0","0","0","0","0","0","0","0","0","0","0","0","0","0","0","0","0","0","0","0","0","0","0","0","0","0","0","0","0","0","0","0","0","0","0","0","0","0","0","0","0","0","0","0","0","0","0","0","0","0","0","0","0","0","0","0","0","0","0","0","0","0","0","0","0","0","0","0","0","0","0","0","0","0","0","0","0","0","0","348","182","304","1460","136","318","1","15","110","144","240","5"
"06","075","015500",1400000US06075015500,"06075015500","155",CT,311339,0,California,San Francisco,"1","3622","2176","0","149","0.0411375","0","0","0","0","0","1","20.9","41599","0","0","0","0","0","0","0","0","0","0","0","0","0","0","0","0","0","0","0","0","0","0","0","0","0","0","0","0","0","0","0","0","0","0","0","0","0","0","0","0","0","0","0","0","0","0","0","0","0","0","0","0","0","0","0","0","0","0","0","0","0","0","0","0","0","0","0","0","0","0","0","0","0","0","0","0","0","0","0","0","0","0","0","0","0","0","0","0","0","0","0","0","0","0","0","0","0","0","0","0","0","0","0","0","0","0","0","0","0","0","0","0","0","0","0","0","0","0","1492","247","1274","1725","352","1151","14","13","367","347","1214","217"
"06","075","016700",1400000US06075016700,"06075016700","167",CT,490697,0,California,San Francisco,"1","4652","2277","0","87","0.0187016","0","0","0","0","0","0","9.4","187386","0","0","0","0","0","0","0","0","0","0","0","0","0","0","0","0","0","0","0","0","0","0","0","0","0","0","0","0","0","0","0","0","0","0","0","0","0","0","0","0","0","0","0","0","0","0","0","0","0","0","0","0","0","0","0","0","0","0","0","0","0","0","0","0","0","0","0","0","0","0","0","0","0","0","0","0","0","0","0","0","0","0","0","0","0","0","0","0","0","0","0","0","0","0","0","0","0","0","0","0","0","0","0","0","0","0","0","0","0","0","0","0","0","0","0","0","0","0","1003","359","231","3544","265","426","12","25","380","464","713","14"
"06","075","015900",1400000US06075015900,"06075015900","159",CT,296386,0,California,San Francisco,"1","4350","2285","0","84","0.0193103","0","0","0","0","0","1","20.9","52317","0","0","0","0","0","0","0","0","0","0","0","0","0","0","0","0","0","0","0","0","0","0","0","0","0","0","0","0","0","0","0","0","0","0","0","0","0","0","0","0","0","0","0","0","0","0","0","0","0","0","0","0","0","0","0","0","0","0","0","0","0","0","0","0","0","0","0","0","0","0","0","0","0","0","0","0","0","0","0","0","0","0","0","0","0","0","0","0","0","0","0","0","0","0","0","0","0","0","0","0","0","0","0","0","0","0","0","0","0","0","0","0","0","0","0","0","0","0","1652","369","864","1767","573","1652","8","6","344","354","998","22"
"06","075","061200",1400000US06075061200,"06075061200","612",CT,434742,0,California,San Francisco,"1","4089","1115","0","172","0.0420641","0","0","0","0","0","1","16.1","51786","0","0","0","0","0","0","0","0","0","0","0","0","0","0","0","0","0","0","0","0","0","0","0","0","0","0","0","0","0","0","0","0","0","0","0","0","0","0","0","0","0","0","0","0","0","0","0","0","0","0","0","0","0","0","0","0","0","0","0","0","0","0","0","0","0","0","0","0","0","0","0","0","0","0","0","0","0","0","0","0","0","0","0","0","0","0","0","0","0","0","0","0","0","0","0","0","0","0","0","0","0","0","0","0","0","0","0","0","0","0","0","0","0","0","0","0","0","0","2001","906","429","795","1317","882","18","33","1044","1502","323","226"
"06","075","011100",1400000US06075011100,"06075011100","111",CT,247102,0,California,San Francisco,"1","5164","3073","0","22","0.0042603","0","0","0","0","0","0","11.1","82917","0","0","0","0","0","0","0","0","0","0","0","0","0","0","0","0","0","0","0","0","0","0","0","0","0","0","0","0","0","0","0","0","0","0","0","0","0","0","0","0","0","0","0","0","0","0","0","0","0","0","0","0","0","0","0","0","0","0","0","0","0","0","0","0","0","0","0","0","0","0","0","0","0","0","0","0","0","0","0","0","0","0","0","0","0","0","0","0","0","0","0","0","0","0","0","0","0","0","0","0","0","0","0","0","0","0","0","0","0","0","0","0","0","0","0","0","0","0","1116","283","780","2721","133","1928","10","18","354","500","1925","57"
"06","075","011300",1400000US06075011300,"06075011300","113",CT,102299,0,California,San Francisco,"1","3143","1527","0","1","0.0003182","0","0","0","0","0","1","22.2","28250","0","0","0","0","0","0","0","0","0","0","0","0","0","0","0","0","0","0","0","0","0","0","0","0","0","0","0","0","0","0","0","0","0","0","0","0","0","0","0","0","0","0","0","0","0","0","0","0","0","0","0","0","0","0","0","0","0","0","0","0","0","0","0","0","0","0","0","0","0","0","0","0","0","0","0","0","0","0","0","0","0","0","0","0","0","0","0","0","0","0","0","0","0","0","0","0","0","0","0","0","0","0","0","0","0","0","0","0","0","0","0","0","0","0","0","0","0","0","1720","337","967","529","25","2514","2","0","73","74","1221","210"
"06","075","016500",1400000US06075016500,"06075016500","165",CT,370453,0,California,San Francisco,"1","5083","2344","0","346","0.06807","0","0","0","0","0","0","13.5","102872","0","0","0","0","0","0","0","0","0","0","0","0","0","0","0","0","0","0","0","0","0","0","0","0","0","0","0","0","0","0","0","0","0","0","0","0","0","0","0","0","0","0","0","0","0","0","0","0","0","0","0","0","0","0","0","0","0","0","0","0","0","0","0","0","0","0","0","0","0","0","0","0","0","0","0","0","0","0","0","0","0","0","0","0","0","0","0","0","0","0","0","0","0","0","0","0","0","0","0","0","0","0","0","0","0","0","0","0","0","0","0","0","0","0","0","0","0","0","1343","509","570","3632","359","637","4","21","430","462","676","49"
"06","075","012902",1400000US06075012902,"06075012902","129.02",CT,352886,0,California,San Francisco,"1","3376","2023","0","74","0.0219194","0","0","0","0","0","0","6.6","117171","0","0","0","0","0","0","0","0","0","0","0","0","0","0","0","0","0","0","0","0","0","0","0","0","0","0","0","0","0","0","0","0","0","0","0","0","0","0","0","0","0","0","0","0","0","0","0","0","0","0","0","0","0","0","0","0","0","0","0","0","0","0","0","0","0","0","0","0","0","0","0","0","0","0","0","0","0","0","0","0","0","0","0","0","0","0","0","0","0","0","0","0","0","0","0","0","0","0","0","0","0","0","0","0","0","0","0","0","0","0","0","0","0","0","0","0","0","0","463","203","417","2684","36","446","4","5","201","235","687","14"
"06","075","026001",1400000US06075026001,"06075026001","260.01",CT,407294,0,California,San Francisco,"1","5863","1519","0","5","0.0008528","0","0","0","0","0","1","15.1","64500","0","0","0","0","0","0","0","0","0","0","0","0","0","0","0","0","0","0","0","0","0","0","0","0","0","0","0","0","0","0","0","0","0","0","0","0","0","0","0","0","0","0","0","0","0","0","0","0","0","0","0","0","0","0","0","0","0","0","0","0","0","0","0","0","0","0","0","0","0","0","0","0","0","0","0","0","0","0","0","0","0","0","0","0","0","0","0","0","0","0","0","0","0","0","0","0","0","0","0","0","0","0","0","0","0","0","0","0","0","0","0","0","0","0","0","0","0","0","1907","1139","668","1726","119","2190","21","45","1762","2814","348","200"
"06","075","025402",1400000US06075025402,"06075025402","254.02",CT,300169,0,California,San Francisco,"1","2912","1060","0","6","0.0020604","0","0","0","0","0","0","2.5","92917","0","0","0","0","0","0","0","0","0","0","0","0","0","0","0","0","0","0","0","0","0","0","0","0","0","0","0","0","0","0","0","0","0","0","0","0","0","0","0","0","0","0","0","0","0","0","0","0","0","0","0","0","0","0","0","0","0","0","0","0","0","0","0","0","0","0","0","0","0","0","0","0","0","0","0","0","0","0","0","0","0","0","0","0","0","0","0","0","0","0","0","0","0","0","0","0","0","0","0","0","0","0","0","0","0","0","0","0","0","0","0","0","0","0","0","0","0","0","581","525","385","1472","172","688","17","27","536","823","46","54"
"06","075","025600",1400000US06075025600,"06075025600","256",CT,562530,0,California,San Francisco,"1","5618","1558","0","7","0.001246","0","0","0","0","0","0","8","81442","0","1","0","1","0","0","0","0","0","1945.704714","0","0","583.8858318","0","1945.704714","0.346334054","583.8858318","0.103931262","322.6137193","0.057425012","334.301469","0.059505423","386.8247086","0.068854523","60.87615263","0.010835912","1223.513556","0.217784542","11","0.001957992","8.049036138","0.001432723","255.4412516","0.045468361","369.2363485","0.065723807","88.56664748","0.056846372","29.49171119","0.018929211","0","0","0","0","0","0","0","0","0","0","0","0","0","0","0","0","0","0","0","0","0","0","0","0","0","0","0","0","0","0","0","0","0","0","0","0","0","0","0","0","0","0","0","0","0","0","0","0","0","0","0","0","0","0","0","0","0","0","0","0","0","0","0","0","0","0","0","0","0","0","0","0","0","0","0","0","0","0","1504","992","849","1253","147","3030","19","46","1123","1572","182","86"
"06","075","026200",1400000US06075026200,"06075026200","262",CT,774532,0,California,San Francisco,"1","7564","1907","0","66","0.0087255","0","0","0","0","0","1","8.5","75529","0","0","0","0","0","0","0","0","0","0.063542366","0","0","0.013829809","0","0.063542366","8.40063E-06","0.013829809","1.82837E-06","0.027799785","3.67528E-06","0","0","0","0","0","0","0.063542366","8.40063E-06","0","0","0","0","0","0","0","0","0.000368006","1.92976E-07","0.000986721","5.1742E-07","0","0","0","0","0","0","0","0","0","0","0","0","0","0","0","0","0","0","0","0","0","0","0","0","0","0","0","0","0","0","0","0","0","0","0","0","0","0","0","0","0","0","0","0","0","0","0","0","0","0","0","0","0","0","0","0","0","0","0","0","0","0","0","0","0","0","0","0","0","0","0","0","0","0","0","0","0","0","2167","1373","1023","1426","193","4480","28","37","1400","2117","281","161"
"06","075","026302",1400000US06075026302,"06075026302","263.02",CT,760317,0,California,San Francisco,"1","4992","1448","0","25","0.005008","0","1","0","0","0","1","5.7","72780","0","1","0","1","0","0","0","0","0","2881.463464","0","0","564.9020552","0","2881.463464","0.577216239","564.9020552","0.113161469","563.4682207","0.112874243","392.4437365","0.078614531","647.8124805","0.129770128","191.1994291","0.038301168","1494.81279","0.299441665","29.000001","0.005809295","10.20277283","0.002043825","508.435957","0.101850152","698.8894192","0.140001887","61.14034331","0.042223994","64.49485121","0.044540643","0","0","0","0","0","0","0","0","0","0","0","0","0","0","0","0","0","0","0","0","0","0","0","0","0","0","0","0","0","0","0","0","0","0","0","0","0","0","0","0","0","0","0","0","0","0","0","0","0","0","0","0","0","0","0","0","0","0","0","0","0","0","0","0","0","0","0","0","0","0","0","0","0","0","0","0","0","0","1185","957","681","1169","223","2697","36","17","850","1260","107","110"
"06","075","026401",1400000US06075026401,"06075026401","264.01",CT,341043,0,California,San Francisco,"1","4044","1016","0","17","0.0042038","0","1","0","1","1","1","13.9","46230","0","1","0","1","0","0","0","1","0","1962.897165","0","0","818.8468699","0","1962.897165","0.485385056","818.8468699","0.202484389","389.088993","0.096213895","295.048026","0.072959453","213.8554924","0.052882169","186.1106202","0.046021419","1216.340003","0.30077646","16.94625275","0.004190468","9.628775171","0.002381003","320.0160323","0.079133539","408.7107095","0.101065952","138.898491","0.136711113","29.90183355","0.029430939","0","0","0","0","0","0","0","0","0","0","0","0","0","0","0","0","0","0","0","0","0","0","0","0","0","0","0","0","0","0","0","0","0","0","0","0","0","0","0","0","0","0","0","0","0","0","0","0","0","0","0","0","0","0","0","0","0","0","0","0","0","0","0","0","0","0","0","0","0","0","0","0","0","0","0","0","0","0","1654","844","579","337","421","2558","53","17","658","796","297","66"
"06","075","030102",1400000US06075030102,"06075030102","301.02",CT,1260212,14870,California,San Francisco,"1","4838","2203","0","358","0.0739975","0","0","0","0","0","0","7.3","126599","0","1","0","1","0","0","0","0","0","1399.441192","0","0","87.28112095","0","1399.441192","0.289260271","87.28112095","0.018040744","220.0227991","0.045478049","183.4385811","0.037916201","976.1301446","0.201763155","33.01889533","0.006824906","290.8608203","0.060120054","3.004817426","0.000621087","3.107608244","0.000642333","93.31890751","0.019288737","110.4089103","0.022821189","47.34944367","0.021493166","0","0","0","0","0","0","0","0","0","0","0","0","0","0","0","0","0","0","0","0","0","0","0","0","0","0","0","0","0","0","0","0","0","0","0","0","0","0","0","0","0","0","0","0","0","0","0","0","0","0","0","0","0","0","0","0","0","0","0","0","0","0","0","0","0","0","0","0","0","0","0","0","0","0","0","0","0","0","0","0","405","659","579","3252","98","1168","11","8","301","305","256","0"
"06","075","030301",1400000US06075030301,"06075030301","303.01",CT,752520,0,California,San Francisco,"1","5658","2362","0","69","0.0121951","0","0","0","0","0","0","7.6","124609","0","0","0","0","0","0","0","0","0","0","0","0","0","0","0","0","0","0","0","0","0","0","0","0","0","0","0","0","0","0","0","0","0","0","0","0","0","0","0","0","0","0","0","0","0","0","0","0","0","0","0","0","0","0","0","0","0","0","0","0","0","0","0","0","0","0","0","0","0","0","0","0","0","0","0","0","0","0","0","0","0","0","0","0","0","0","0","0","0","0","0","0","0","0","0","0","0","0","0","0","0","0","0","0","0","0","0","0","0","0","0","0","0","0","0","0","0","0","717","749","936","2878","83","2249","6","12","430","394","329","67"
"06","075","021700",1400000US06075021700,"06075021700","217",CT,1229617,0,California,San Francisco,"1","3948","1798","0","0","0","0","0","0","0","0","0","10","143393","0","0","0","0","0","0","0","0","0","0","0","0","0","0","0","0","0","0","0","0","0","0","0","0","0","0","0","0","0","0","0","0","0","0","0","0","0","0","0","0","0","0","0","0","0","0","0","0","0","0","0","0","0","0","0","0","0","0","0","0","0","0","0","0","0","0","0","0","0","0","0","0","0","0","0","0","0","0","0","0","0","0","0","0","0","0","0","0","0","0","0","0","0","0","0","0","0","0","0","0","0","0","0","0","0","0","0","0","0","0","0","0","0","0","0","0","0","0","672","663","745","2441","390","727","8","20","362","509","173","60"
"06","075","022801",1400000US06075022801,"06075022801","228.01",CT,578057,0,California,San Francisco,"1","5078","1850","0","68","0.0133911","0","0","0","0","0","0","11.9","108289","0","0","0","0","0","0","0","0","0","0","0","0","0","0","0","0","0","0","0","0","0","0","0","0","0","0","0","0","0","0","0","0","0","0","0","0","0","0","0","0","0","0","0","0","0","0","0","0","0","0","0","0","0","0","0","0","0","0","0","0","0","0","0","0","0","0","0","0","0","0","0","0","0","0","0","0","0","0","0","0","0","0","0","0","0","0","0","0","0","0","0","0","0","0","0","0","0","0","0","0","0","0","0","0","0","0","0","0","0","0","0","0","0","0","0","0","0","0","1456","794","294","2810","159","619","9","28","1453","2143","440","132"
"06","075","022803",1400000US06075022803,"06075022803","228.03",CT,282080,0,California,San Francisco,"1","4595","1531","0","55","0.0119695","0","0","0","0","0","1","13","62131","0","0","0","0","0","0","0","0","0","0","0","0","0","0","0","0","0","0","0","0","0","0","0","0","0","0","0","0","0","0","0","0","0","0","0","0","0","0","0","0","0","0","0","0","0","0","0","0","0","0","0","0","0","0","0","0","0","0","0","0","0","0","0","0","0","0","0","0","0","0","0","0","0","0","0","0","0","0","0","0","0","0","0","0","0","0","0","0","0","0","0","0","0","0","0","0","0","0","0","0","0","0","0","0","0","0","0","0","0","0","0","0","0","0","0","0","0","0","1677","749","372","2626","72","465","11","44","1377","2425","395","127"
"06","075","022903",1400000US06075022903,"06075022903","229.03",CT,309622,0,California,San Francisco,"1","3384","1118","0","42","0.0124113","0","0","0","0","0","0","19.8","87670","0","0","0","0","0","0","0","0","0","0","0","0","0","0","0","0","0","0","0","0","0","0","0","0","0","0","0","0","0","0","0","0","0","0","0","0","0","0","0","0","0","0","0","0","0","0","0","0","0","0","0","0","0","0","0","0","0","0","0","0","0","0","0","0","0","0","0","0","0","0","0","0","0","0","0","0","0","0","0","0","0","0","0","0","0","0","0","0","0","0","0","0","0","0","0","0","0","0","0","0","0","0","0","0","0","0","0","0","0","0","0","0","0","0","0","0","0","0","973","505","303","1687","69","473","3","29","1123","1711","241","120"
"06","075","023102",1400000US06075023102,"06075023102","231.02",CT,499233,0,California,San Francisco,"1","3478","1222","0","6","0.0017251","0","0","0","0","0","1","39.3","31856","0","0","0","0","0","0","0","0","0","402.5339193","0","0","193.4839563","0","402.5339193","0.115737182","193.4839563","0.05563081","132.4368182","0.038078441","24.56237507","0.007062212","20.91511965","0.006013548","287.934423","0.082787356","47.16501546","0.013560959","7.391618609","0.00212525","0.734463096","0.000211174","38.39327431","0.011038894","29.59518409","0.008509254","39.76738942","0.032542872","33.28979254","0.027242056","0","0","0","0","0","0","0","0","0","0","0","0","0","0","0","0","0","0","0","0","0","0","0","0","0","0","0","0","0","0","0","0","0","0","0","0","0","0","0","0","0","0","0","0","0","0","0","0","0","0","0","0","0","0","0","0","0","0","0","0","0","0","0","0","0","0","0","0","0","0","0","0","0","0","0","0","0","0","2929","950","334","303","2172","456","27","23","497","565","345","327"
"06","075","025300",1400000US06075025300,"06075025300","253",CT,383005,0,California,San Francisco,"1","4362","1767","0","133","0.0304906","0","0","0","0","0","0","9.4","118430","0","0","0","0","0","0","0","0","0","0","0","0","0","0","0","0","0","0","0","0","0","0","0","0","0","0","0","0","0","0","0","0","0","0","0","0","0","0","0","0","0","0","0","0","0","0","0","0","0","0","0","0","0","0","0","0","0","0","0","0","0","0","0","0","0","0","0","0","0","0","0","0","0","0","0","0","0","0","0","0","0","0","0","0","0","0","0","0","0","0","0","0","0","0","0","0","0","0","0","0","0","0","0","0","0","0","0","0","0","0","0","0","0","0","0","0","0","0","944","620","385","2965","116","497","18","40","726","1248","365","46"
"06","075","010500",1400000US06075010500,"06075010500","105",CT,683606,494314,California,San Francisco,"0","2685","1682","0","24","0.0089385","0","0","0","0","0","0","6.9","146750","0","0","0","0","0","0","0","0","0","0","0","0","0","0","0","0","0","0","0","0","0","0","0","0","0","0","0","0","0","0","0","0","0","0","0","0","0","0","0","0","0","0","0","0","0","0","0","0","0","0","0","0","0","0","0","0","0","0","0","0","0","0","0","0","0","0","0","0","0","0","0","0","0","0","0","0","0","0","0","0","0","0","0","0","0","0","0","0","0","0","0","0","0","0","0","0","0","0","0","0","0","0","0","0","0","0","0","0","0","0","0","0","0","0","0","0","0","0","454","172","693","1756","46","778","2","3","100","155","572","41"
"06","075","010600",1400000US06075010600,"06075010600","106",CT,187223,0,California,San Francisco,"1","3894","2015","0","2","0.0005136","0","0","0","0","0","1","32.1","29713","0","0","0","0","0","0","0","0","0","0","0","0","0","0","0","0","0","0","0","0","0","0","0","0","0","0","0","0","0","0","0","0","0","0","0","0","0","0","0","0","0","0","0","0","0","0","0","0","0","0","0","0","0","0","0","0","0","0","0","0","0","0","0","0","0","0","0","0","0","0","0","0","0","0","0","0","0","0","0","0","0","0","0","0","0","0","0","0","0","0","0","0","0","0","0","0","0","0","0","0","0","0","0","0","0","0","0","0","0","0","0","0","0","0","0","0","0","0","2123","382","700","1437","59","2169","1","6","222","254","1168","268"
"06","075","011901",1400000US06075011901,"06075011901","119.01",CT,62294,0,California,San Francisco,"1","2408","1395","0","329","0.1366279","0","0","0","0","0","0","13.7","139792","0","0","0","0","0","0","0","0","0","0","0","0","0","0","0","0","0","0","0","0","0","0","0","0","0","0","0","0","0","0","0","0","0","0","0","0","0","0","0","0","0","0","0","0","0","0","0","0","0","0","0","0","0","0","0","0","0","0","0","0","0","0","0","0","0","0","0","0","0","0","0","0","0","0","0","0","0","0","0","0","0","0","0","0","0","0","0","0","0","0","0","0","0","0","0","0","0","0","0","0","0","0","0","0","0","0","0","0","0","0","0","0","0","0","0","0","0","0","618","67","363","1481","95","634","7","16","175","220","792","42"
"06","075","012202",1400000US06075012202,"06075012202","122.02",CT,92823,0,California,San Francisco,"1","2986","1514","0","480","0.1607502","0","0","0","0","0","1","30.1","29828","0","0","0","0","0","0","0","0","0","0","0","0","0","0","0","0","0","0","0","0","0","0","0","0","0","0","0","0","0","0","0","0","0","0","0","0","0","0","0","0","0","0","0","0","0","0","0","0","0","0","0","0","0","0","0","0","0","0","0","0","0","0","0","0","0","0","0","0","0","0","0","0","0","0","0","0","0","0","0","0","0","0","0","0","0","0","0","0","0","0","0","0","0","0","0","0","0","0","0","0","0","0","0","0","0","0","0","0","0","0","0","0","0","0","0","0","0","0","1776","199","271","1306","394","840","10","33","403","550","1270","131"
"06","075","012302",1400000US06075012302,"06075012302","123.02",CT,92649,0,California,San Francisco,"1","3073","2098","0","200","0.065083","0","0","0","0","0","1","25.2","33622","0","0","0","0","0","0","0","0","0","0","0","0","0","0","0","0","0","0","0","0","0","0","0","0","0","0","0","0","0","0","0","0","0","0","0","0","0","0","0","0","0","0","0","0","0","0","0","0","0","0","0","0","0","0","0","0","0","0","0","0","0","0","0","0","0","0","0","0","0","0","0","0","0","0","0","0","0","0","0","0","0","0","0","0","0","0","0","0","0","0","0","0","0","0","0","0","0","0","0","0","0","0","0","0","0","0","0","0","0","0","0","0","0","0","0","0","0","0","1258","110","261","1501","249","1007","10","27","279","372","1535","115"
"06","075","012502",1400000US06075012502,"06075012502","125.02",CT,61276,0,California,San Francisco,"1","3821","2034","0","560","0.1465585","0","0","0","0","0","1","43.2","31029","0","0","0","0","0","0","0","0","0","0","0","0","0","0","0","0","0","0","0","0","0","0","0","0","0","0","0","0","0","0","0","0","0","0","0","0","0","0","0","0","0","0","0","0","0","0","0","0","0","0","0","0","0","0","0","0","0","0","0","0","0","0","0","0","0","0","0","0","0","0","0","0","0","0","0","0","0","0","0","0","0","0","0","0","0","0","0","0","0","0","0","0","0","0","0","0","0","0","0","0","0","0","0","0","0","0","0","0","0","0","0","0","0","0","0","0","0","0","2857","266","1023","1028","564","1551","31","44","603","806","1964","600"
"06","075","012901",1400000US06075012901,"06075012901","129.01",CT,180870,0,California,San Francisco,"1","2557","1562","0","7","0.0027376","0","0","0","0","0","0","2.3","114868","0","0","0","0","0","0","0","0","0","0.113418378","0","0","0.003826531","0","0.113418378","4.4356E-05","0.003826531","1.49649E-06","0.008383097","3.27849E-06","0.011341837","4.4356E-06","0.09221407","3.60634E-05","0.000986247","3.85705E-07","0.015779948","6.17127E-06","0","0","0.000986247","3.85705E-07","0.003451864","1.34997E-06","0.00887622","3.47134E-06","0.01310518","8.39E-06","0","0","0","0","0","0","0","0","0","0","0","0","0","0","0","0","0","0","0","0","0","0","0","0","0","0","0","0","0","0","0","0","0","0","0","0","0","0","0","0","0","0","0","0","0","0","0","0","0","0","0","0","0","0","0","0","0","0","0","0","0","0","0","0","0","0","0","0","0","0","0","0","0","0","0","0","0","0","0","0","156","148","240","2084","25","343","3","6","96","159","367","0"
"06","075","033201",1400000US06075033201,"06075033201","332.01",CT,970828,0,California,San Francisco,"1","3683","647","0","2153","0.5845778","0","0","0","0","0","1","46.7","43125","0","0","0","0","0","0","0","0","0","6.246310234","0","0","4.236102581","0","6.246310234","0.001695984","4.236102581","0.001150177","0.619862854","0.000168304","1.239725709","0.000336608","2.8132236","0.00076384","0.858271599","0.000233036","1.811906695","0.000491965","0","0","0","0","0.762908101","0.000207143","0.524499297","0.000142411","1.108017921","0.001712547","0.158885583","0.000245573","0","0","0","0","0","0","0","0","0","0","0","0","0","0","0","0","0","0","0","0","0","0","0","0","0","0","0","0","0","0","0","0","0","0","0","0","0","0","0","0","0","0","0","0","0","0","0","0","0","0","0","0","0","0","0","0","0","0","0","0","0","0","0","0","0","0","0","0","0","0","0","0","0","0","0","0","0","0","982","117","221","2008","289","834","13","13","526","658","265","38"
"06","075","035100",1400000US06075035100,"06075035100","351",CT,925693,0,California,San Francisco,"1","7842","2718","0","7","0.0008926","0","0","0","0","1","0","7.8","106064","0","1","0","1","0","0","0","1","0","3515.291622","0","0","625.003343","0","3515.291622","0.44826468","625.003343","0.079699483","522.1406355","0.066582585","482.1792679","0.061486772","1438.683357","0.183458729","47.12738533","0.006009613","1840.76304","0.234731324","6.394869968","0.000815464","6.000000022","0.000765111","176.3229705","0.022484439","207.9976851","0.026523551","137.4750257","0.05057948","10.16866941","0.003741232","0","0","0","0","0","0","0","0","0","0","0","0","0","0","0","0","0","0","0","0","0","0","0","0","0","0","0","0","0","0","0","0","0","0","0","0","0","0","0","0","0","0","0","0","0","0","0","0","0","0","0","0","0","0","0","0","0","0","0","0","0","0","0","0","0","0","0","0","0","0","0","0","0","0","0","0","0","0","1664","1292","1138","2698","90","4687","10","7","350","428","325","22"
"06","075","035300",1400000US06075035300,"06075035300","353",CT,1126337,0,California,San Francisco,"1","7226","2458","0","19","0.0026294","0","0","0","0","0","0","9.7","79752","0","0","0","0","0","0","0","0","0","0","0","0","0","0","0","0","0","0","0","0","0","0","0","0","0","0","0","0","0","0","0","0","0","0","0","0","0","0","0","0","0","0","0","0","0","0","0","0","0","0","0","0","0","0","0","0","0","0","0","0","0","0","0","0","0","0","0","0","0","0","0","0","0","0","0","0","0","0","0","0","0","0","0","0","0","0","0","0","0","0","0","0","0","0","0","0","0","0","0","0","0","0","0","0","0","0","0","0","0","0","0","0","0","0","0","0","0","0","1685","1167","1235","2141","55","4625","17","13","375","408","252","33"
"06","075","042601",1400000US06075042601,"06075042601","426.01",CT,293133,0,California,San Francisco,"1","3687","1679","0","3","0.0008137","0","0","0","0","0","1","15.4","62500","0","0","0","0","0","0","0","0","0","0","0","0","0","0","0","0","0","0","0","0","0","0","0","0","0","0","0","0","0","0","0","0","0","0","0","0","0","0","0","0","0","0","0","0","0","0","0","0","0","0","0","0","0","0","0","0","0","0","0","0","0","0","0","0","0","0","0","0","0","0","0","0","0","0","0","0","0","0","0","0","0","0","0","0","0","0","0","0","0","0","0","0","0","0","0","0","0","0","0","0","0","0","0","0","0","0","0","0","0","0","0","0","0","0","0","0","0","0","1581","530","547","1867","47","1463","2","16","292","279","697","159"
"06","075","042800",1400000US06075042800,"06075042800","428",CT,551507,302821,California,San Francisco,"1","2376","934","0","0","0","0","0","0","0","0","0","7.6","224792","0","0","0","0","0","0","0","0","0","19.30819034","0","0","0.849220453","0","19.30819034","0.008126343","0.849220453","0.000357416","5.545518823","0.002333973","4.889995977","0.002058079","14.57546946","0.006134457","0.160577721","6.75832E-05","2.966366491","0.001248471","0","0","0","0","1.605777214","0.000675832","0.819403255","0.000344867","0.156117226","0.000167149","0","0","0","0","0","0","0","0","0","0","0","0","0","0","0","0","0","0","0","0","0","0","0","0","0","0","0","0","0","0","0","0","0","0","0","0","0","0","0","0","0","0","0","0","0","0","0","0","0","0","0","0","0","0","0","0","0","0","0","0","0","0","0","0","0","0","0","0","0","0","0","0","0","0","0","0","0","0","0","0","230","585","484","1775","19","471","1","3","107","79","37","0"
"06","075","047600",1400000US06075047600,"06075047600","476",CT,531174,0,California,San Francisco,"1","5137","2173","0","6","0.001168","0","0","0","0","0","0","6.4","101833","0","0","0","0","0","0","0","0","0","267.9786559","0","0","23.52703417","0","267.9786559","0.052166373","23.52703417","0.004579917","39.96467832","0.00777977","37.23411709","0.007248222","131.4382731","0.025586582","3.097005313","0.000602882","111.5778731","0.021720435","0","0","0.03772724","7.34422E-06","21.82777774","0.004249129","21.87222687","0.004257782","9.885235164","0.004549119","2.121308198","0.000976212","0","0","0","0","0","0","0","0","0","0","0","0","0","0","0","0","0","0","0","0","0","0","0","0","0","0","0","0","0","0","0","0","0","0","0","0","0","0","0","0","0","0","0","0","0","0","0","0","0","0","0","0","0","0","0","0","0","0","0","0","0","0","0","0","0","0","0","0","0","0","0","0","0","0","0","0","0","0","1081","813","841","2208","77","2496","6","11","339","314","361","41"
"06","075","047802",1400000US06075047802,"06075047802","478.02",CT,339448,0,California,San Francisco,"1","3656","1497","0","51","0.0139497","0","0","0","0","0","0","10.4","98095","0","1","0","1","0","0","0","0","0","553.861552","0","0","136.854178","0","553.861552","0.15149386","136.854178","0.037432762","63.94206923","0.017489625","101.0500069","0.027639499","235.1324674","0.064314132","10.81836019","0.00295907","268.8248525","0.073529774","5.437429972","0.001487262","0.783924639","0.000214421","32.8645238","0.008989202","22.59341511","0.006179818","87.90128931","0.058718296","2.263733899","0.00151218","0","0","0","0","0","0","0","0","0","0","0","0","0","0","0","0","0","0","0","0","0","0","0","0","0","0","0","0","0","0","0","0","0","0","0","0","0","0","0","0","0","0","0","0","0","0","0","0","0","0","0","0","0","0","0","0","0","0","0","0","0","0","0","0","0","0","0","0","0","0","0","0","0","0","0","0","0","0","1149","534","577","1489","61","1848","16","8","234","216","371","15"
"06","075","060100",1400000US06075060100,"06075060100","601",CT,6108835,20314176,California,San Francisco,"1","3235","1110","0","8","0.002473","0","0","0","0","0","0","5.8","183107","0","1","0","1","0","0","0","0","495.500952","2489.042429","495.500952","49.79475192","250.1332223","49.79475192","2489.042429","0.769410334","250.1332223","0.077320934","546.1902976","0.168837805","49.84703192","0.015408665","1996.850628","0.617264491","51.97509218","0.016066489","193.5255448","0.059822425","14.0635955","0.004347325","9.762842606","0.00301788","222.8647237","0.068891723","193.6109036","0.059848811","52.07530727","0.046914691","13.19241112","0.011885055","495.500952","0.153168764","49.79475192","0.015392504","139.4317447","0.043101003","10.38120501","0.003209028","417.3924103","0.129023929","8.012455099","0.002476802","32.76368069","0.010127877","7.07720001","0.002187697","1.872439824","0.000578807","28.38276863","0.008773653","28.19731975","0.008716328","10.00831313","0.009016498","2.535439357","0.00228418","0","0","0","0","0","0","0","0","0","0","0","0","0","0","0","0","0","0","0","0","0","0","0","0","0","0","0","0","0","0","0","0","0","0","0","0","0","0","0","0","0","0","0","0","0","0","0","0","0","0","0","0","346","697","71","2589","69","256","21","12","288","250","75","19"
"06","075","060502",1400000US06075060502,"06075060502","605.02",CT,276333,0,California,San Francisco,"1","3216","961","0","0","0","0","1","0","1","1","1","37.2","25521","0","1","0","1","0","0","0","1","0","3215.999964","0","0","2137.352068","0","3215.999964","0.999999989","2137.352068","0.664599523","1027.999994","0.319651739","227.9999934","0.07089552","333.9999935","0.103855719","987.9999989","0.30721393","924.9999847","0.287624373","270.9999949","0.084266168","16.99999959","0.00528607","680.999987","0.211753727","837.9999811","0.260572133","391.8728526","0.407776121","364.5876666","0.379383628","0","0","0","0","0","0","0","0","0","0","0","0","0","0","0","0","0","0","0","0","0","0","0","0","0","0","0","0","0","0","0","0","0","0","0","0","0","0","0","0","0","0","0","0","0","0","0","0","0","0","0","0","0","0","0","0","0","0","0","0","0","0","0","0","0","0","0","0","0","0","0","0","0","0","0","0","0","0","2073","1028","228","334","988","925","271","17","681","838","382","357"
"06","075","061400",1400000US06075061400,"06075061400","614",CT,797744,0,California,San Francisco,"1","5395","2354","0","8","0.0014829","0","0","0","0","0","0","10.5","138713","0","1","0","1","0","0","0","0","0","1320.256061","0","0","357.3749276","0","1320.256061","0.244718454","357.3749276","0.066241877","373.2956412","0.06919289","64.19464627","0.011898915","349.0059919","0.064690638","471.2686679","0.087352858","187.273847","0.034712483","46.2802577","0.008578361","12.75046147","0.002363385","253.6768147","0.047020726","358.6842212","0.066484564","86.49022713","0.036741813","35.19891067","0.014952808","0","0","0","0","0","0","0","0","0","0","0","0","0","0","0","0","0","0","0","0","0","0","0","0","0","0","0","0","0","0","0","0","0","0","0","0","0","0","0","0","0","0","0","0","0","0","0","0","0","0","0","0","0","0","0","0","0","0","0","0","0","0","0","0","0","0","0","0","0","0","0","0","0","0","0","0","0","0","1129","1084","369","2844","924","730","132","34","731","912","257","165"
"06","075","061500",1400000US06075061500,"06075061500","615",CT,1660735,451319,California,San Francisco,"1","11502","6785","0","590","0.0512954","0","0","0","0","0","0","8.7","173214","0","0","0","0","0","0","0","0","0","0","0","0","0","0","0","0","0","0","0","0","0","0","0","0","0","0","0","0","0","0","0","0","0","0","0","0","0","0","0","0","0","0","0","0","0","0","0","0","0","0","0","0","0","0","0","0","0","0","0","0","0","0","0","0","0","0","0","0","0","0","0","0","0","0","0","0","0","0","0","0","0","0","0","0","0","0","0","0","0","0","0","0","0","0","0","0","0","0","0","0","0","0","0","0","0","0","0","0","0","0","0","0","0","0","0","0","0","0","2089","636","596","6731","443","3545","26","39","718","743","2063","133"
"06","075","980300",1400000US06075980300,"06075980300","9803",CT,4341948,409466,California,San Francisco,"1","171","34","1","126","0.7368421","0","0","0","0","0","0","0","0","0","0","0","0","0","0","0","0","0","22.80246576","0","0","0","0","22.80246576","0.133347753","0","0","0","0","2.354201574","0.013767261","21.65678056","0.12664784","1.145685166","0.006699913","0","0","0","0","0","0","0","0","1.216671586","0.007115039","0","0","0","0","0","0","0","0","0","0","0","0","0","0","0","0","0","0","0","0","0","0","0","0","0","0","0","0","0","0","0","0","0","0","0","0","0","0","0","0","0","0","0","0","0","0","0","0","0","0","0","0","0","0","0","0","0","0","0","0","0","0","0","0","0","0","0","0","0","0","0","0","0","0","0","0","0","0","0","0","0","0","0","1","5","142","12","5","1","1","10","19","0","0"
"06","075","980501",1400000US06075980501,"06075980501","9805.01",CT,1577313,9769,California,San Francisco,"1","797","223","0","124","0.1555834","0","1","0","0","0","1","43.3","18487","0","1","0","1","0","0","0","0","0","728.1836685","0","0","468.6076145","0","728.1836685","0.913655795","468.6076145","0.587964385","135.5731892","0.170104378","206.321968","0.258873235","81.26943488","0.101969178","95.48177681","0.119801477","406.787436","0.510398289","38.98344868","0.048912734","5.889581442","0.007389688","99.77199115","0.125184431","145.8034506","0.18294034","98.04445919","0.439661252","55.92676935","0.250792688","0","0","0","0","0","0","0","0","0","0","0","0","0","0","0","0","0","0","0","0","0","0","0","0","0","0","0","0","0","0","0","0","0","0","0","0","0","0","0","0","0","0","0","0","0","0","0","0","0","0","0","0","0","0","0","0","0","0","0","0","0","0","0","0","0","0","0","0","0","0","0","0","0","0","0","0","0","0","547","142","239","87","102","460","39","7","102","152","142","81"
"06","075","017101",1400000US06075017101,"06075017101","171.01",CT,313382,0,California,San Francisco,"1","3544","1728","0","82","0.0231377","0","0","0","0","0","0","4.4","189250","0","0","0","0","0","0","0","0","0","0","0","0","0","0","0","0","0","0","0","0","0","0","0","0","0","0","0","0","0","0","0","0","0","0","0","0","0","0","0","0","0","0","0","0","0","0","0","0","0","0","0","0","0","0","0","0","0","0","0","0","0","0","0","0","0","0","0","0","0","0","0","0","0","0","0","0","0","0","0","0","0","0","0","0","0","0","0","0","0","0","0","0","0","0","0","0","0","0","0","0","0","0","0","0","0","0","0","0","0","0","0","0","0","0","0","0","0","0","334","476","347","2952","133","232","4","17","206","269","282","0"
"06","075","017601",1400000US06075017601,"06075017601","176.01",CT,633557,0,California,San Francisco,"1","7630","4321","0","251","0.0328965","0","0","0","0","0","1","28.4","41978","0","0","0","0","0","0","0","0","0","0","0","0","0","0","0","0","0","0","0","0","0","0","0","0","0","0","0","0","0","0","0","0","0","0","0","0","0","0","0","0","0","0","0","0","0","0","0","0","0","0","0","0","0","0","0","0","0","0","0","0","0","0","0","0","0","0","0","0","0","0","0","0","0","0","0","0","0","0","0","0","0","0","0","0","0","0","0","0","0","0","0","0","0","0","0","0","0","0","0","0","0","0","0","0","0","0","0","0","0","0","0","0","0","0","0","0","0","0","3964","795","706","2790","1021","2777","32","105","905","1041","2428","410"
"06","075","017802",1400000US06075017802,"06075017802","178.02",CT,510134,0,California,San Francisco,"1","4516","2214","0","414","0.091674","0","0","0","0","0","0","19.5","79125","0","0","0","0","0","0","0","0","0","0","0","0","0","0","0","0","0","0","0","0","0","0","0","0","0","0","0","0","0","0","0","0","0","0","0","0","0","0","0","0","0","0","0","0","0","0","0","0","0","0","0","0","0","0","0","0","0","0","0","0","0","0","0","0","0","0","0","0","0","0","0","0","0","0","0","0","0","0","0","0","0","0","0","0","0","0","0","0","0","0","0","0","0","0","0","0","0","0","0","0","0","0","0","0","0","0","0","0","0","0","0","0","0","0","0","0","0","0","1407","327","324","2384","495","1064","10","38","525","646","922","151"
"06","075","018000",1400000US06075018000,"06075018000","180",CT,937021,0,California,San Francisco,"1","4221","1499","0","1773","0.4200426","0","0","0","0","0","1","23.3","216389","0","0","0","0","0","0","0","0","0","0","0","0","0","0","0","0","0","0","0","0","0","0","0","0","0","0","0","0","0","0","0","0","0","0","0","0","0","0","0","0","0","0","0","0","0","0","0","0","0","0","0","0","0","0","0","0","0","0","0","0","0","0","0","0","0","0","0","0","0","0","0","0","0","0","0","0","0","0","0","0","0","0","0","0","0","0","0","0","0","0","0","0","0","0","0","0","0","0","0","0","0","0","0","0","0","0","0","0","0","0","0","0","0","0","0","0","0","0","779","174","109","2104","895","720","18","50","434","602","346","11"
"06","075","020402",1400000US06075020402,"06075020402","204.02",CT,591322,0,California,San Francisco,"1","3997","2409","0","0","0","0","0","0","0","1","0","4.4","102813","0","1","0","1","0","0","0","1","0","2257.598077","0","0","317.2117385","0","2257.598077","0.564823136","317.2117385","0.079362456","110.6725196","0.027688897","207.4876151","0.051910837","1595.83268","0.399257613","78.33270089","0.019597874","355.2309825","0.088874401","8.028965637","0.002008748","9.916471519","0.002480979","210.2562746","0.052603521","270.7004333","0.067725903","126.3839043","0.052463223","21.78330432","0.009042468","0","0","0","0","0","0","0","0","0","0","0","0","0","0","0","0","0","0","0","0","0","0","0","0","0","0","0","0","0","0","0","0","0","0","0","0","0","0","0","0","0","0","0","0","0","0","0","0","0","0","0","0","0","0","0","0","0","0","0","0","0","0","0","0","0","0","0","0","0","0","0","0","0","0","0","0","0","0","518","234","410","2901","119","607","13","18","339","449","196","38"
"06","075","020500",1400000US06075020500,"06075020500","205",CT,276896,0,California,San Francisco,"1","2583","1325","0","100","0.0387147","0","0","0","0","0","0","8.2","137500","0","0","0","0","0","0","0","0","0","0","0","0","0","0","0","0","0","0","0","0","0","0","0","0","0","0","0","0","0","0","0","0","0","0","0","0","0","0","0","0","0","0","0","0","0","0","0","0","0","0","0","0","0","0","0","0","0","0","0","0","0","0","0","0","0","0","0","0","0","0","0","0","0","0","0","0","0","0","0","0","0","0","0","0","0","0","0","0","0","0","0","0","0","0","0","0","0","0","0","0","0","0","0","0","0","0","0","0","0","0","0","0","0","0","0","0","0","0","498","200","252","2116","45","237","3","17","165","192","325","10"
"06","075","021000",1400000US06075021000,"06075021000","210",CT,313017,0,California,San Francisco,"1","4196","2005","0","172","0.0409914","0","0","0","0","0","0","5.7","110536","0","0","0","0","0","0","0","0","0","0","0","0","0","0","0","0","0","0","0","0","0","0","0","0","0","0","0","0","0","0","0","0","0","0","0","0","0","0","0","0","0","0","0","0","0","0","0","0","0","0","0","0","0","0","0","0","0","0","0","0","0","0","0","0","0","0","0","0","0","0","0","0","0","0","0","0","0","0","0","0","0","0","0","0","0","0","0","0","0","0","0","0","0","0","0","0","0","0","0","0","0","0","0","0","0","0","0","0","0","0","0","0","0","0","0","0","0","0","501","401","327","3004","92","425","5","17","653","914","678","0"
"06","075","021200",1400000US06075021200,"06075021200","212",CT,345793,0,California,San Francisco,"1","2779","1396","0","15","0.0053976","0","0","0","0","0","0","7.8","169712","0","0","0","0","0","0","0","0","0","152.597724","0","0","17.28630924","0","152.597724","0.05491102","17.28630924","0.006220334","16.89062989","0.006077952","19.38926268","0.006977065","116.6197891","0.04196466","2.940641731","0.001058165","20.09173882","0.007229845","1.008127004","0.000362766","0.971444264","0.000349566","10.96597791","0.003946016","7.422534823","0.002670937","3.753373682","0.002688663","0","0","0","0","0","0","0","0","0","0","0","0","0","0","0","0","0","0","0","0","0","0","0","0","0","0","0","0","0","0","0","0","0","0","0","0","0","0","0","0","0","0","0","0","0","0","0","0","0","0","0","0","0","0","0","0","0","0","0","0","0","0","0","0","0","0","0","0","0","0","0","0","0","0","0","0","0","0","0","0","380","401","294","2303","31","257","4","12","172","218","134","0"
"06","075","021500",1400000US06075021500,"06075021500","215",CT,495278,0,California,San Francisco,"1","5096","2449","0","47","0.0092229","0","0","0","0","0","0","6.3","154196","0","0","0","0","0","0","0","0","0","0","0","0","0","0","0","0","0","0","0","0","0","0","0","0","0","0","0","0","0","0","0","0","0","0","0","0","0","0","0","0","0","0","0","0","0","0","0","0","0","0","0","0","0","0","0","0","0","0","0","0","0","0","0","0","0","0","0","0","0","0","0","0","0","0","0","0","0","0","0","0","0","0","0","0","0","0","0","0","0","0","0","0","0","0","0","0","0","0","0","0","0","0","0","0","0","0","0","0","0","0","0","0","0","0","0","0","0","0","618","716","461","3917","72","535","5","31","536","978","690","34"
"06","075","030400",1400000US06075030400,"06075030400","304",CT,973464,0,California,San Francisco,"1","5106","1933","0","0","0","0","0","0","0","0","0","12","158542","0","0","0","0","0","0","0","0","0","433.0533674","0","0","23.28190695","0","433.0533674","0.084812645","23.28190695","0.004559715","87.14960739","0.017068078","95.42390385","0.018688583","296.8225405","0.058132107","2.041331053","0.000399791","114.1850972","0.022362925","0","0","0","0","20.00439441","0.003917821","21.52491038","0.004215611","10.22797898","0.005291246","2.293944508","0.001186728","0","0","0","0","0","0","0","0","0","0","0","0","0","0","0","0","0","0","0","0","0","0","0","0","0","0","0","0","0","0","0","0","0","0","0","0","0","0","0","0","0","0","0","0","0","0","0","0","0","0","0","0","0","0","0","0","0","0","0","0","0","0","0","0","0","0","0","0","0","0","0","0","0","0","0","0","0","0","867","926","886","2679","50","2057","6","6","308","277","141","27"
"06","075","030500",1400000US06075030500,"06075030500","305",CT,1087780,35670,California,San Francisco,"1","3046","1006","0","891","0.2925148","0","0","0","0","0","0","8.5","137143","0","1","0","1","0","0","0","0","0","1596.949941","0","0","288.9950561","0","1596.949941","0.524277722","288.9950561","0.094876906","202.2703794","0.066405246","460.1713573","0.151073985","926.6512388","0.304219054","123.169961","0.040436625","432.2650794","0.14191237","1.13019982","0.000371044","9.426137922","0.003094596","104.3073309","0.034244035","137.5951651","0.045172411","44.40862799","0.044143765","14.38158437","0.01429581","0","0","0","0","0","0","0","0","0","0","0","0","0","0","0","0","0","0","0","0","0","0","0","0","0","0","0","0","0","0","0","0","0","0","0","0","0","0","0","0","0","0","0","0","0","0","0","0","0","0","0","0","0","0","0","0","0","0","0","0","0","0","0","0","0","0","0","0","0","0","0","0","0","0","0","0","0","0","389","455","906","1767","337","705","14","15","208","313","140","26"
"06","075","030700",1400000US06075030700,"06075030700","307",CT,1431899,9359,California,San Francisco,"1","6343","2651","0","0","0","0","0","0","0","0","0","6.1","135402","0","0","0","0","0","0","0","0","0","21.30797291","0","0","2.704132341","0","21.30797291","0.003359289","2.704132341","0.000426318","2.808230191","0.000442729","4.834095672","0.000762115","13.39915776","0.002112432","0.355319053","5.60175E-05","6.003251195","0.000946437","0","0","0","0","1.550245076","0.000244403","1.086026683","0.000171217","0.360471046","0.000135975","0.049515758","1.86781E-05","0","0","0","0","0","0","0","0","0","0","0","0","0","0","0","0","0","0","0","0","0","0","0","0","0","0","0","0","0","0","0","0","0","0","0","0","0","0","0","0","0","0","0","0","0","0","0","0","0","0","0","0","0","0","0","0","0","0","0","0","0","0","0","0","0","0","0","0","0","0","0","0","0","0","0","0","0","0","834","1142","1107","3985","194","1601","1","9","553","606","51","15"
"06","075","030900",1400000US06075030900,"06075030900","309",CT,1853670,0,California,San Francisco,"1","6581","2345","0","16","0.0024312","0","0","0","0","0","0","5.1","155690","0","1","0","1","0","0","0","0","0","4091.975144","0","0","214.6318298","0","4091.975144","0.621786225","214.6318298","0.032613863","810.5160534","0.123160014","765.6141361","0.116337052","2287.816676","0.347639671","188.7611253","0.028682742","1340.773932","0.203734073","4.970017701","0.000755207","8.940704077","0.001358563","260.7126978","0.03961597","325.8339284","0.04951131","71.02065554","0.030285994","0","0","0","0","0","0","0","0","0","0","0","0","0","0","0","0","0","0","0","0","0","0","0","0","0","0","0","0","0","0","0","0","0","0","0","0","0","0","0","0","0","0","0","0","0","0","0","0","0","0","0","0","0","0","0","0","0","0","0","0","0","0","0","0","0","0","0","0","0","0","0","0","0","0","0","0","0","0","0","0","527","1264","1280","3590","267","2318","8","23","375","479","144","0"
"06","075","031302",1400000US06075031302,"06075031302","313.02",CT,684969,0,California,San Francisco,"1","5495","1777","0","0","0","0","1","0","0","0","1","20.1","68942","0","1","0","1","0","0","0","0","0","846.9538364","0","0","351.2703419","0","846.9538364","0.154131726","351.2703419","0.063925449","134.3183188","0.024443734","90.82447124","0.016528566","181.5160656","0.033032951","128.0679331","0.023306266","430.8873539","0.078414441","5.859051228","0.001066251","3.393243849","0.000617515","97.23019195","0.017694302","100.1473222","0.018225172","21.32398573","0.011999992","24.24422807","0.013643347","0","0","0","0","0","0","0","0","0","0","0","0","0","0","0","0","0","0","0","0","0","0","0","0","0","0","0","0","0","0","0","0","0","0","0","0","0","0","0","0","0","0","0","0","0","0","0","0","0","0","0","0","0","0","0","0","0","0","0","0","0","0","0","0","0","0","0","0","0","0","0","0","0","0","0","0","0","0","2395","892","635","969","843","2970","31","27","655","704","112","153"
"06","075","032601",1400000US06075032601,"06075032601","326.01",CT,417682,0,California,San Francisco,"1","4416","1728","0","10","0.0022645","0","0","0","0","0","0","8.4","98818","0","0","0","0","0","0","0","0","0","0","0","0","0","0","0","0","0","0","0","0","0","0","0","0","0","0","0","0","0","0","0","0","0","0","0","0","0","0","0","0","0","0","0","0","0","0","0","0","0","0","0","0","0","0","0","0","0","0","0","0","0","0","0","0","0","0","0","0","0","0","0","0","0","0","0","0","0","0","0","0","0","0","0","0","0","0","0","0","0","0","0","0","0","0","0","0","0","0","0","0","0","0","0","0","0","0","0","0","0","0","0","0","0","0","0","0","0","0","941","567","602","1710","70","2305","4","9","318","293","395","56"
"06","075","032700",1400000US06075032700,"06075032700","327",CT,844707,0,California,San Francisco,"1","6572","2391","0","8","0.0012173","0","0","0","0","0","0","6.9","96985","0","1","0","1","0","0","0","0","0","833.5923902","0","0","177.7578425","0","833.5923902","0.126839986","177.7578425","0.027047754","127.8643579","0.019455928","125.3355752","0.019071147","288.1442593","0.043844227","9.553294368","0.001453636","471.7108448","0.071775844","0.079408079","1.20828E-05","0","0","64.10456731","0.009754195","59.53288351","0.009058564","18.21618221","0.007618646","3.034245156","0.001269028","0","0","0","0","0","0","0","0","0","0","0","0","0","0","0","0","0","0","0","0","0","0","0","0","0","0","0","0","0","0","0","0","0","0","0","0","0","0","0","0","0","0","0","0","0","0","0","0","0","0","0","0","0","0","0","0","0","0","0","0","0","0","0","0","0","0","0","0","0","0","0","0","0","0","0","0","0","0","1540","1012","1077","2434","68","3674","13","9","374","338","152","25"
"06","075","033000",1400000US06075033000,"06075033000","330",CT,1503630,8871,California,San Francisco,"1","7764","2698","0","77","0.0099176","0","0","0","0","0","0","12.7","103099","0","1","0","1","0","0","0","0","0","2390.647394","0","0","416.9003857","0","2390.647394","0.307914399","416.9003857","0.053696598","406.2208723","0.052321081","400.2195647","0.051548115","1046.117105","0.134739452","24.69935698","0.003181267","1172.3124","0.150993354","4.341700375","0.000559209","1.228808418","0.00015827","141.9480269","0.018282847","167.0189475","0.021511972","96.05896658","0.035603768","57.07176134","0.021153359","0","0","0","0","0","0","0","0","0","0","0","0","0","0","0","0","0","0","0","0","0","0","0","0","0","0","0","0","0","0","0","0","0","0","0","0","0","0","0","0","0","0","0","0","0","0","0","0","0","0","0","0","0","0","0","0","0","0","0","0","0","0","0","0","0","0","0","0","0","0","0","0","0","0","0","0","0","0","1963","1323","1317","3118","81","4110","11","7","437","505","302","179"
"06","075","010800",1400000US06075010800,"06075010800","108",CT,226078,0,California,San Francisco,"1","4578","2338","0","0","0","0","0","0","0","0","0","18.6","82147","0","0","0","0","0","0","0","0","0","0","0","0","0","0","0","0","0","0","0","0","0","0","0","0","0","0","0","0","0","0","0","0","0","0","0","0","0","0","0","0","0","0","0","0","0","0","0","0","0","0","0","0","0","0","0","0","0","0","0","0","0","0","0","0","0","0","0","0","0","0","0","0","0","0","0","0","0","0","0","0","0","0","0","0","0","0","0","0","0","0","0","0","0","0","0","0","0","0","0","0","0","0","0","0","0","0","0","0","0","0","0","0","0","0","0","0","0","0","1277","394","839","2240","43","2131","2","5","157","166","1094","213"
"06","075","022901",1400000US06075022901,"06075022901","229.01",CT,248905,0,California,San Francisco,"1","4640","1410","0","32","0.0068966","0","0","0","0","0","1","17.7","60997","0","0","0","0","0","0","0","0","0","0","0","0","0","0","0","0","0","0","0","0","0","0","0","0","0","0","0","0","0","0","0","0","0","0","0","0","0","0","0","0","0","0","0","0","0","0","0","0","0","0","0","0","0","0","0","0","0","0","0","0","0","0","0","0","0","0","0","0","0","0","0","0","0","0","0","0","0","0","0","0","0","0","0","0","0","0","0","0","0","0","0","0","0","0","0","0","0","0","0","0","0","0","0","0","0","0","0","0","0","0","0","0","0","0","0","0","0","0","2122","847","313","2193","246","362","32","56","1751","2789","623","163"
"06","075","010100",1400000US06075010100,"06075010100","101",CT,776490,646917,California,San Francisco,"1","3739","2090","0","14","0.0037443","0","0","0","0","0","0","14.4","82155","0","0","0","0","0","0","0","0","0","10.74853749","0","0","5.015984051","0","10.74853749","0.002874709","5.015984051","0.001341531","0.244284942","6.53343E-05","0.732854835","0.000196003","8.794257784","0.002352035","0.732854835","0.000196003","0.977139769","0.000261337","0","0","0","0","0.244284942","6.53343E-05","0.244284942","6.53343E-05","2.799814879","0.001339624","0.342677474","0.000163961","0","0","0","0","0","0","0","0","0","0","0","0","0","0","0","0","0","0","0","0","0","0","0","0","0","0","0","0","0","0","0","0","0","0","0","0","0","0","0","0","0","0","0","0","0","0","0","0","0","0","0","0","0","0","0","0","0","0","0","0","0","0","0","0","0","0","0","0","0","0","0","0","0","0","0","0","0","0","1269","429","714","1858","256","1345","23","7","250","286","862","101"
"06","075","023200",1400000US06075023200,"06075023200","232",CT,856567,0,California,San Francisco,"1","4582","1228","0","112","0.0244435","0","1","0","0","0","1","26.8","45625","0","1","0","1","0","0","0","0","0","1280.803714","0","0","323.4320492","0","1280.803714","0.279529401","323.4320492","0.070587527","343.5568982","0.074979681","125.2404063","0.027333131","115.2303454","0.025148482","558.4981547","0.121889602","128.3490655","0.028011581","31.94157435","0.006971099","8.367912173","0.001826258","438.4166651","0.09568238","503.0033691","0.109778125","62.63709967","0.05100741","34.97675943","0.028482703","0","0","0","0","0","0","0","0","0","0","0","0","0","0","0","0","0","0","0","0","0","0","0","0","0","0","0","0","0","0","0","0","0","0","0","0","0","0","0","0","0","0","0","0","0","0","0","0","0","0","0","0","0","0","0","0","0","0","0","0","0","0","0","0","0","0","0","0","0","0","0","0","0","0","0","0","0","0","1847","1178","462","616","1832","628","58","46","1402","1780","221","143"
"06","075","026100",1400000US06075026100,"06075026100","261",CT,751208,0,California,San Francisco,"1","6810","1877","0","12","0.0017621","0","0","0","0","0","1","9.7","70672","0","0","0","0","0","0","0","0","0","0","0","0","0","0","0","0","0","0","0","0","0","0","0","0","0","0","0","0","0","0","0","0","0","0","0","0","0","0","0","0","0","0","0","0","0","0","0","0","0","0","0","0","0","0","0","0","0","0","0","0","0","0","0","0","0","0","0","0","0","0","0","0","0","0","0","0","0","0","0","0","0","0","0","0","0","0","0","0","0","0","0","0","0","0","0","0","0","0","0","0","0","0","0","0","0","0","0","0","0","0","0","0","0","0","0","0","0","0","1940","1281","969","1258","108","4031","15","40","1358","1808","433","101"
"06","075","012800",1400000US06075012800,"06075012800","128",CT,497838,0,California,San Francisco,"1","4106","2363","0","2","0.0004871","0","0","0","0","0","0","5.3","217865","0","0","0","0","0","0","0","0","0","0","0","0","0","0","0","0","0","0","0","0","0","0","0","0","0","0","0","0","0","0","0","0","0","0","0","0","0","0","0","0","0","0","0","0","0","0","0","0","0","0","0","0","0","0","0","0","0","0","0","0","0","0","0","0","0","0","0","0","0","0","0","0","0","0","0","0","0","0","0","0","0","0","0","0","0","0","0","0","0","0","0","0","0","0","0","0","0","0","0","0","0","0","0","0","0","0","0","0","0","0","0","0","0","0","0","0","0","0","563","440","607","3533","35","374","3","3","158","197","388","0"
"06","075","015100",1400000US06075015100,"06075015100","151",CT,173860,0,California,San Francisco,"1","2493","1655","0","138","0.055355","0","0","0","0","0","0","6.9","157760","0","0","0","0","0","0","0","0","0","0","0","0","0","0","0","0","0","0","0","0","0","0","0","0","0","0","0","0","0","0","0","0","0","0","0","0","0","0","0","0","0","0","0","0","0","0","0","0","0","0","0","0","0","0","0","0","0","0","0","0","0","0","0","0","0","0","0","0","0","0","0","0","0","0","0","0","0","0","0","0","0","0","0","0","0","0","0","0","0","0","0","0","0","0","0","0","0","0","0","0","0","0","0","0","0","0","0","0","0","0","0","0","0","0","0","0","0","0","317","51","809","1615","69","655","5","7","142","150","686","47"
"06","075","016802",1400000US06075016802,"06075016802","168.02",CT,215074,0,California,San Francisco,"1","3264","1804","0","192","0.0588235","0","0","0","0","0","0","19.2","143125","0","0","0","0","0","0","0","0","0","0","0","0","0","0","0","0","0","0","0","0","0","0","0","0","0","0","0","0","0","0","0","0","0","0","0","0","0","0","0","0","0","0","0","0","0","0","0","0","0","0","0","0","0","0","0","0","0","0","0","0","0","0","0","0","0","0","0","0","0","0","0","0","0","0","0","0","0","0","0","0","0","0","0","0","0","0","0","0","0","0","0","0","0","0","0","0","0","0","0","0","0","0","0","0","0","0","0","0","0","0","0","0","0","0","0","0","0","0","746","233","182","2116","375","392","5","32","344","424","642","73"
"06","075","026404",1400000US06075026404,"06075026404","264.04",CT,188349,0,California,San Francisco,"1","2851","671","0","6","0.0021045","0","1","0","0","0","1","16.5","53114","0","1","0","1","0","0","0","0","0","1834.097471","0","0","855.436679","0","1834.097471","0.643317247","855.436679","0.300047941","421.5986698","0.147877471","193.8449351","0.06799191","208.2596974","0.073047947","202.2404317","0.070936665","937.4458282","0.328812988","25.39569324","0.008907644","10.94884992","0.003840354","449.8069568","0.157771644","592.9619443","0.207983846","65.41436639","0.097487878","61.63777222","0.091859571","0","0","0","0","0","0","0","0","0","0","0","0","0","0","0","0","0","0","0","0","0","0","0","0","0","0","0","0","0","0","0","0","0","0","0","0","0","0","0","0","0","0","0","0","0","0","0","0","0","0","0","0","0","0","0","0","0","0","0","0","0","0","0","0","0","0","0","0","0","0","0","0","0","0","0","0","0","0","1076","703","285","295","527","1255","96","23","655","830","100","98"
"06","075","020200",1400000US06075020200,"06075020200","202",CT,338535,0,California,San Francisco,"1","6269","3228","0","88","0.0140373","0","0","0","0","0","1","11.6","43824","0","0","0","0","0","0","0","0","0","0","0","0","0","0","0","0","0","0","0","0","0","0","0","0","0","0","0","0","0","0","0","0","0","0","0","0","0","0","0","0","0","0","0","0","0","0","0","0","0","0","0","0","0","0","0","0","0","0","0","0","0","0","0","0","0","0","0","0","0","0","0","0","0","0","0","0","0","0","0","0","0","0","0","0","0","0","0","0","0","0","0","0","0","0","0","0","0","0","0","0","0","0","0","0","0","0","0","0","0","0","0","0","0","0","0","0","0","0","1957","627","662","3847","417","1000","24","76","905","1577","1438","163"
"06","075","022802",1400000US06075022802,"06075022802","228.02",CT,291126,0,California,San Francisco,"1","2099","593","0","476","0.2267746","0","0","0","0","0","1","24.9","40156","0","0","0","0","0","0","0","0","0","0","0","0","0","0","0","0","0","0","0","0","0","0","0","0","0","0","0","0","0","0","0","0","0","0","0","0","0","0","0","0","0","0","0","0","0","0","0","0","0","0","0","0","0","0","0","0","0","0","0","0","0","0","0","0","0","0","0","0","0","0","0","0","0","0","0","0","0","0","0","0","0","0","0","0","0","0","0","0","0","0","0","0","0","0","0","0","0","0","0","0","0","0","0","0","0","0","0","0","0","0","0","0","0","0","0","0","0","0","843","264","241","1087","123","400","10","30","449","662","153","82"
"06","075","025200",1400000US06075025200,"06075025200","252",CT,657048,0,California,San Francisco,"1","5369","2125","0","210","0.0391134","0","0","0","0","0","0","7.8","109732","0","0","0","0","0","0","0","0","0","0","0","0","0","0","0","0","0","0","0","0","0","0","0","0","0","0","0","0","0","0","0","0","0","0","0","0","0","0","0","0","0","0","0","0","0","0","0","0","0","0","0","0","0","0","0","0","0","0","0","0","0","0","0","0","0","0","0","0","0","0","0","0","0","0","0","0","0","0","0","0","0","0","0","0","0","0","0","0","0","0","0","0","0","0","0","0","0","0","0","0","0","0","0","0","0","0","0","0","0","0","0","0","0","0","0","0","0","0","1639","822","539","3610","222","548","13","81","895","1480","364","142"
"06","075","026403",1400000US06075026403,"06075026403","264.03",CT,379382,0,California,San Francisco,"1","4140","1062","0","53","0.0128019","0","0","0","0","0","1","16.5","50188","0","0","0","0","0","0","0","0","0","32.43203735","0","0","15.03651714","0","32.43203735","0.007833825","15.03651714","0.003632009","6.630549908","0.001601582","4.468414307","0.001079327","1.441423893","0.00034817","1.008996725","0.000243719","26.37805748","0.006371511","0","0","0.144142389","3.4817E-05","3.459417343","0.000835608","3.315274954","0.000800791","1.812573075","0.001706754","1.104233623","0.001039768","0","0","0","0","0","0","0","0","0","0","0","0","0","0","0","0","0","0","0","0","0","0","0","0","0","0","0","0","0","0","0","0","0","0","0","0","0","0","0","0","0","0","0","0","0","0","0","0","0","0","0","0","0","0","0","0","0","0","0","0","0","0","0","0","0","0","0","0","0","0","0","0","0","0","0","0","0","0","1956","832","635","456","206","2909","37","22","510","671","230","143"
"06","075","030800",1400000US06075030800,"06075030800","308",CT,1243204,0,California,San Francisco,"1","5667","2145","0","97","0.0171166","0","0","0","0","0","0","2.3","168578","0","1","0","1","0","0","0","0","0","1456.770872","0","0","100.0724959","0","1456.770872","0.257062091","100.0724959","0.017658813","283.2572684","0.049983637","350.0237287","0.06176526","897.5227105","0.158377044","41.02537537","0.007239346","426.8304948","0.075318598","3.517016411","0.000620613","2.316293061","0.000408734","85.55898227","0.015097756","85.46593114","0.015081336","53.96026665","0.025156301","3.904732145","0.001820388","0","0","0","0","0","0","0","0","0","0","0","0","0","0","0","0","0","0","0","0","0","0","0","0","0","0","0","0","0","0","0","0","0","0","0","0","0","0","0","0","0","0","0","0","0","0","0","0","0","0","0","0","0","0","0","0","0","0","0","0","0","0","0","0","0","0","0","0","0","0","0","0","0","0","0","0","0","0","321","1002","1157","3458","84","1760","9","8","348","367","165","15"
"06","075","035400",1400000US06075035400,"06075035400","354",CT,1033599,557642,California,San Francisco,"1","6691","2377","0","5","0.0007473","0","0","0","0","0","0","11.2","89640","0","0","0","0","0","0","0","0","0","0","0","0","0","0","0","0","0","0","0","0","0","0","0","0","0","0","0","0","0","0","0","0","0","0","0","0","0","0","0","0","0","0","0","0","0","0","0","0","0","0","0","0","0","0","0","0","0","0","0","0","0","0","0","0","0","0","0","0","0","0","0","0","0","0","0","0","0","0","0","0","0","0","0","0","0","0","0","0","0","0","0","0","0","0","0","0","0","0","0","0","0","0","0","0","0","0","0","0","0","0","0","0","0","0","0","0","0","0","1557","992","1015","2385","106","3732","12","32","424","495","348","80"
"06","075","035202",1400000US06075035202,"06075035202","352.02",CT,372758,0,California,San Francisco,"1","4322","1764","0","32","0.007404","0","0","0","0","1","0","10.6","83548","0","1","0","1","0","0","0","1","0","4321.99996","0","0","1303.165256","0","4321.99996","0.999999991","1303.165256","0.301519032","567.9999968","0.131420638","463.9999964","0.107357704","2065.999973","0.478019429","79.99999895","0.018509949","1826.999989","0.42272096","18.99999997","0.004396113","23.9999997","0.005552985","305.9999971","0.070800555","379.9999973","0.087922258","260.7072587","0.147793231","41.21025626","0.023361823","0","0","0","0","0","0","0","0","0","0","0","0","0","0","0","0","0","0","0","0","0","0","0","0","0","0","0","0","0","0","0","0","0","0","0","0","0","0","0","0","0","0","0","0","0","0","0","0","0","0","0","0","0","0","0","0","0","0","0","0","0","0","0","0","0","0","0","0","0","0","0","0","0","0","0","0","0","0","1381","568","464","2066","80","1827","19","24","306","380","258","41"
"06","075","016900",1400000US06075016900,"06075016900","169",CT,294847,0,California,San Francisco,"1","2924","1589","0","17","0.005814","0","0","0","0","0","0","6.7","137448","0","0","0","0","0","0","0","0","0","0","0","0","0","0","0","0","0","0","0","0","0","0","0","0","0","0","0","0","0","0","0","0","0","0","0","0","0","0","0","0","0","0","0","0","0","0","0","0","0","0","0","0","0","0","0","0","0","0","0","0","0","0","0","0","0","0","0","0","0","0","0","0","0","0","0","0","0","0","0","0","0","0","0","0","0","0","0","0","0","0","0","0","0","0","0","0","0","0","0","0","0","0","0","0","0","0","0","0","0","0","0","0","0","0","0","0","0","0","629","183","247","2266","97","295","2","20","244","289","571","38"
"06","075","011000",1400000US06075011000,"06075011000","110",CT,239179,0,California,San Francisco,"1","4827","2475","0","10","0.0020717","0","0","0","0","0","1","5.7","57708","0","0","0","0","0","0","0","0","0","0","0","0","0","0","0","0","0","0","0","0","0","0","0","0","0","0","0","0","0","0","0","0","0","0","0","0","0","0","0","0","0","0","0","0","0","0","0","0","0","0","0","0","0","0","0","0","0","0","0","0","0","0","0","0","0","0","0","0","0","0","0","0","0","0","0","0","0","0","0","0","0","0","0","0","0","0","0","0","0","0","0","0","0","0","0","0","0","0","0","0","0","0","0","0","0","0","0","0","0","0","0","0","0","0","0","0","0","0","1447","326","672","2259","78","2252","4","6","228","226","1369","168"
"06","075","012601",1400000US06075012601,"06075012601","126.01",CT,170458,0,California,San Francisco,"1","2329","1496","0","0","0","0","0","0","0","0","0","2","166538","0","0","0","0","0","0","0","0","0","0","0","0","0","0","0","0","0","0","0","0","0","0","0","0","0","0","0","0","0","0","0","0","0","0","0","0","0","0","0","0","0","0","0","0","0","0","0","0","0","0","0","0","0","0","0","0","0","0","0","0","0","0","0","0","0","0","0","0","0","0","0","0","0","0","0","0","0","0","0","0","0","0","0","0","0","0","0","0","0","0","0","0","0","0","0","0","0","0","0","0","0","0","0","0","0","0","0","0","0","0","0","0","0","0","0","0","0","0","178","206","263","1976","15","229","2","5","102","126","386","10"
"06","075","020900",1400000US06075020900,"06075020900","209",CT,312680,0,California,San Francisco,"1","4372","1742","0","66","0.0150961","0","0","0","0","0","1","19","43125","0","0","0","0","0","0","0","0","0","0","0","0","0","0","0","0","0","0","0","0","0","0","0","0","0","0","0","0","0","0","0","0","0","0","0","0","0","0","0","0","0","0","0","0","0","0","0","0","0","0","0","0","0","0","0","0","0","0","0","0","0","0","0","0","0","0","0","0","0","0","0","0","0","0","0","0","0","0","0","0","0","0","0","0","0","0","0","0","0","0","0","0","0","0","0","0","0","0","0","0","0","0","0","0","0","0","0","0","0","0","0","0","0","0","0","0","0","0","2190","502","400","2427","92","520","8","47","1278","2187","774","72"
"06","075","026402",1400000US06075026402,"06075026402","264.02",CT,414505,0,California,San Francisco,"1","4118","1108","0","10","0.0024284","0","1","0","0","0","1","5","77143","0","1","0","1","0","0","0","0","0","3097.418472","0","0","576.2296722","0","3097.418472","0.752165729","576.2296722","0.139929498","658.7824812","0.159976319","368.310582","0.089439189","556.2813934","0.135085331","369.702826","0.089777277","1610.388269","0.391060774","30.29120517","0.007355805","17.14502484","0.004163435","513.6097674","0.12472311","724.0148981","0.175817119","45.18429791","0.040780052","52.11319973","0.047033574","0","0","0","0","0","0","0","0","0","0","0","0","0","0","0","0","0","0","0","0","0","0","0","0","0","0","0","0","0","0","0","0","0","0","0","0","0","0","0","0","0","0","0","0","0","0","0","0","0","0","0","0","0","0","0","0","0","0","0","0","0","0","0","0","0","0","0","0","0","0","0","0","0","0","0","0","0","0","734","850","512","681","431","2321","31","22","632","875","62","73"
"06","075","060700",1400000US06075060700,"06075060700","607",CT,2081991,844393,California,San Francisco,"1","9083","4381","0","1075","0.118353","0","0","0","0","0","0","11.9","130110","0","0","0","0","0","0","0","0","0","0","0","0","0","0","0","0","0","0","0","0","0","0","0","0","0","0","0","0","0","0","0","0","0","0","0","0","0","0","0","0","0","0","0","0","0","0","0","0","0","0","0","0","0","0","0","0","0","0","0","0","0","0","0","0","0","0","0","0","0","0","0","0","0","0","0","0","0","0","0","0","0","0","0","0","0","0","0","0","0","0","0","0","0","0","0","0","0","0","0","0","0","0","0","0","0","0","0","0","0","0","0","0","0","0","0","0","0","0","2109","719","550","4450","352","3541","7","37","696","754","1443","103"
"06","075","980600",1400000US06075980600,"06075980600","9806",CT,2132298,2016110,California,San Francisco,"1","467","154","0","0","0","1","1","1","0","0","1","28.4","29500","1","1","1","1","1","0","0","0","417.8266269","467.0000027","417.8266269","193.8048699","216.6134684","193.8048699","467.0000027","1.000000006","216.6134684","0.463840403","109.9999999","0.235546038","38.99999983","0.083511777","69.00000038","0.147751607","266.0000033","0.569593155","83.99999986","0.17987152","1.000000022","0.002141328","6.000000006","0.012847966","41.0000001","0.087794433","60.0000004","0.128479658","17.85507222","0.115942027","11.15942032","0.072463768","417.8266269","0.894703698","193.8048699","0.414999721","96.48965851","0.206615971","37.05830253","0.079353967","60.73228946","0.130047729","240.1614894","0.514264431","73.98816308","0.158432897","0.901214421","0.001929795","4.596497421","0.009842607","37.44697697","0.080186246","49.8246064","0.106690806","16.20216093","0.105208837","10.12635082","0.065755525","0","0","0","0","0","0","0","0","0","0","0","0","0","0","0","0","0","0","0","0","0","0","0","0","0","0","0","0","0","0","0","0","0","0","0","0","0","0","0","0","0","0","0","0","0","0","0","0","0","0","0","0","186","110","39","69","266","84","1","6","41","60","16","10"
"06","075","022600",1400000US06075022600,"06075022600","226",CT,1357738,503898,California,San Francisco,"1","1534","815","0","40","0.0260756","0","0","0","0","0","0","2.1","192750","0","0","0","0","0","0","0","0","0","241.8808887","0","0","21.01983684","0","241.8808887","0.157679849","21.01983684","0.013702632","8.687061191","0.005663013","4.538696282","0.002958733","170.0760357","0.110870949","6.876078803","0.00448245","44.93586138","0.02929326","2.218465604","0.001446197","0.328584966","0.000214201","17.44586249","0.011372792","22.33803087","0.01456195","19.23954652","0.023606806","3.187512852","0.003911059","0","0","0","0","0","0","0","0","0","0","0","0","0","0","0","0","0","0","0","0","0","0","0","0","0","0","0","0","0","0","0","0","0","0","0","0","0","0","0","0","0","0","0","0","0","0","0","0","0","0","0","0","0","0","0","0","0","0","0","0","0","0","0","0","0","0","0","0","0","0","0","0","0","0","0","0","0","0","134","99","41","1144","64","208","14","7","97","132","108","20"
"06","075","025702",1400000US06075025702,"06075025702","257.02",CT,533458,0,California,San Francisco,"1","4665","1229","0","56","0.0120043","0","0","0","0","0","1","10.2","60647","0","0","0","0","0","0","0","0","0","0","0","0","0","0","0","0","0","0","0","0","0","0","0","0","0","0","0","0","0","0","0","0","0","0","0","0","0","0","0","0","0","0","0","0","0","0","0","0","0","0","0","0","0","0","0","0","0","0","0","0","0","0","0","0","0","0","0","0","0","0","0","0","0","0","0","0","0","0","0","0","0","0","0","0","0","0","0","0","0","0","0","0","0","0","0","0","0","0","0","0","0","0","0","0","0","0","0","0","0","0","0","0","0","0","0","0","0","0","2051","949","654","846","107","2911","13","17","771","1145","145","168"
"06","075","032801",1400000US06075032801,"06075032801","328.01",CT,585365,0,California,San Francisco,"1","4238","1437","0","141","0.0332704","0","0","0","0","1","0","10.6","90682","0","1","0","1","0","0","0","1","0","1931.864002","0","0","427.5999069","0","1931.864002","0.455843323","427.5999069","0.100896627","287.8134205","0.067912558","344.3377962","0.08125007","720.1282921","0.16992173","12.78910299","0.003017721","1095.518767","0.258499001","2","0.000471921","1.100172326","0.000259597","100.3276692","0.023673353","126.3383949","0.029810853","101.2353729","0.070449111","17.2803044","0.012025264","0","0","0","0","0","0","0","0","0","0","0","0","0","0","0","0","0","0","0","0","0","0","0","0","0","0","0","0","0","0","0","0","0","0","0","0","0","0","0","0","0","0","0","0","0","0","0","0","0","0","0","0","0","0","0","0","0","0","0","0","0","0","0","0","0","0","0","0","0","0","0","0","0","0","0","0","0","0","879","620","813","1415","39","2568","3","3","210","248","248","35"
"06","075","017102",1400000US06075017102,"06075017102","171.02",CT,294894,0,California,San Francisco,"1","3451","1687","0","26","0.007534","0","0","0","0","0","0","9.3","142182","0","0","0","0","0","0","0","0","0","0","0","0","0","0","0","0","0","0","0","0","0","0","0","0","0","0","0","0","0","0","0","0","0","0","0","0","0","0","0","0","0","0","0","0","0","0","0","0","0","0","0","0","0","0","0","0","0","0","0","0","0","0","0","0","0","0","0","0","0","0","0","0","0","0","0","0","0","0","0","0","0","0","0","0","0","0","0","0","0","0","0","0","0","0","0","0","0","0","0","0","0","0","0","0","0","0","0","0","0","0","0","0","0","0","0","0","0","0","612","429","247","2753","129","319","3","12","235","243","500","17"
"06","075","033100",1400000US06075033100,"06075033100","331",CT,895560,0,California,San Francisco,"1","3968","1442","0","13","0.0032762","0","0","0","0","0","0","4.8","120977","0","1","0","1","0","0","0","0","0","984.2098356","0","0","133.1178044","0","984.2098356","0.248036753","133.1178044","0.033547834","172.5498431","0.043485344","224.5034818","0.056578498","490.0697798","0.123505489","12.56706187","0.003167102","450.0040523","0.113408279","3.702407032","0.000933066","1.661937952","0.000418835","26.20460361","0.006603983","30.70648282","0.007738529","4.279568814","0.002967801","2.526777029","0.001752273","0","0","0","0","0","0","0","0","0","0","0","0","0","0","0","0","0","0","0","0","0","0","0","0","0","0","0","0","0","0","0","0","0","0","0","0","0","0","0","0","0","0","0","0","0","0","0","0","0","0","0","0","0","0","0","0","0","0","0","0","0","0","0","0","0","0","0","0","0","0","0","0","0","0","0","0","0","0","554","793","777","1610","19","2127","14","3","195","217","32","11"
"06","075","020600",1400000US06075020600,"06075020600","206",CT,567325,0,California,San Francisco,"1","4711","2594","0","7","0.0014859","0","0","0","0","0","0","8.4","190484","0","0","0","0","0","0","0","0","0","0","0","0","0","0","0","0","0","0","0","0","0","0","0","0","0","0","0","0","0","0","0","0","0","0","0","0","0","0","0","0","0","0","0","0","0","0","0","0","0","0","0","0","0","0","0","0","0","0","0","0","0","0","0","0","0","0","0","0","0","0","0","0","0","0","0","0","0","0","0","0","0","0","0","0","0","0","0","0","0","0","0","0","0","0","0","0","0","0","0","0","0","0","0","0","0","0","0","0","0","0","0","0","0","0","0","0","0","0","807","383","432","3810","104","418","11","17","351","460","940","119"
"06","075","016000",1400000US06075016000,"06075016000","160",CT,157523,0,California,San Francisco,"1","2465","1633","0","13","0.0052738","0","0","0","0","0","0","12.6","85417","0","0","0","0","0","0","0","0","0","0","0","0","0","0","0","0","0","0","0","0","0","0","0","0","0","0","0","0","0","0","0","0","0","0","0","0","0","0","0","0","0","0","0","0","0","0","0","0","0","0","0","0","0","0","0","0","0","0","0","0","0","0","0","0","0","0","0","0","0","0","0","0","0","0","0","0","0","0","0","0","0","0","0","0","0","0","0","0","0","0","0","0","0","0","0","0","0","0","0","0","0","0","0","0","0","0","0","0","0","0","0","0","0","0","0","0","0","0","699","85","570","1346","122","787","4","8","198","238","742","79"
"06","075","025500",1400000US06075025500,"06075025500","255",CT,1076567,0,California,San Francisco,"1","8471","2469","0","64","0.0075552","0","0","0","0","0","0","5.2","101806","0","0","0","0","0","0","0","0","0","0","0","0","0","0","0","0","0","0","0","0","0","0","0","0","0","0","0","0","0","0","0","0","0","0","0","0","0","0","0","0","0","0","0","0","0","0","0","0","0","0","0","0","0","0","0","0","0","0","0","0","0","0","0","0","0","0","0","0","0","0","0","0","0","0","0","0","0","0","0","0","0","0","0","0","0","0","0","0","0","0","0","0","0","0","0","0","0","0","0","0","0","0","0","0","0","0","0","0","0","0","0","0","0","0","0","0","0","0","2022","1526","1165","3129","134","3730","20","43","1415","2695","215","50"
"06","075","011700",1400000US06075011700,"06075011700","117",CT,551749,0,California,San Francisco,"1","1783","1012","0","184","0.1031969","0","0","0","0","0","1","19.9","59875","0","0","0","0","0","0","0","0","0","0","0","0","0","0","0","0","0","0","0","0","0","0","0","0","0","0","0","0","0","0","0","0","0","0","0","0","0","0","0","0","0","0","0","0","0","0","0","0","0","0","0","0","0","0","0","0","0","0","0","0","0","0","0","0","0","0","0","0","0","0","0","0","0","0","0","0","0","0","0","0","0","0","0","0","0","0","0","0","0","0","0","0","0","0","0","0","0","0","0","0","0","0","0","0","0","0","0","0","0","0","0","0","0","0","0","0","0","0","566","122","266","691","111","834","3","11","133","171","529","141"
"06","075","013102",1400000US06075013102,"06075013102","131.02",CT,237886,0,California,San Francisco,"1","2625","1582","0","36","0.0137143","0","0","0","0","0","0","7","130469","0","0","0","0","0","0","0","0","0","0","0","0","0","0","0","0","0","0","0","0","0","0","0","0","0","0","0","0","0","0","0","0","0","0","0","0","0","0","0","0","0","0","0","0","0","0","0","0","0","0","0","0","0","0","0","0","0","0","0","0","0","0","0","0","0","0","0","0","0","0","0","0","0","0","0","0","0","0","0","0","0","0","0","0","0","0","0","0","0","0","0","0","0","0","0","0","0","0","0","0","0","0","0","0","0","0","0","0","0","0","0","0","0","0","0","0","0","0","297","197","420","2103","33","342","2","5","140","134","432","8"
"06","075","015200",1400000US06075015200,"06075015200","152",CT,279195,0,California,San Francisco,"1","3934","2430","0","89","0.0226233","0","0","0","0","0","0","11.4","134725","0","0","0","0","0","0","0","0","0","0","0","0","0","0","0","0","0","0","0","0","0","0","0","0","0","0","0","0","0","0","0","0","0","0","0","0","0","0","0","0","0","0","0","0","0","0","0","0","0","0","0","0","0","0","0","0","0","0","0","0","0","0","0","0","0","0","0","0","0","0","0","0","0","0","0","0","0","0","0","0","0","0","0","0","0","0","0","0","0","0","0","0","0","0","0","0","0","0","0","0","0","0","0","0","0","0","0","0","0","0","0","0","0","0","0","0","0","0","850","243","906","2535","143","993","7","11","245","262","966","0"
"06","075","016600",1400000US06075016600,"06075016600","166",CT,343168,0,California,San Francisco,"1","5069","2480","0","70","0.0138094","0","0","0","0","0","0","13.3","131574","0","0","0","0","0","0","0","0","0","0","0","0","0","0","0","0","0","0","0","0","0","0","0","0","0","0","0","0","0","0","0","0","0","0","0","0","0","0","0","0","0","0","0","0","0","0","0","0","0","0","0","0","0","0","0","0","0","0","0","0","0","0","0","0","0","0","0","0","0","0","0","0","0","0","0","0","0","0","0","0","0","0","0","0","0","0","0","0","0","0","0","0","0","0","0","0","0","0","0","0","0","0","0","0","0","0","0","0","0","0","0","0","0","0","0","0","0","0","1286","368","290","3971","210","473","8","22","385","445","1103","134"
"06","075","026303",1400000US06075026303,"06075026303","263.03",CT,426600,0,California,San Francisco,"1","4551","1233","0","71","0.015601","0","0","0","0","0","0","11.5","79549","0","0","0","0","0","0","0","0","0","2.420405388","0","0","0.715959609","0","2.420405388","0.00053184","0.715959609","0.000157319","0.482294798","0.000105976","0.428706497","9.42005E-05","0.93779546","0.000206064","0.026794156","5.88753E-06","1.080697656","0.000237464","0.008931385","1.96251E-06","0.008931385","1.96251E-06","0.357255399","7.85004E-05","0.607334197","0.000133451","0.03768418","3.0563E-05","0.08928559","7.24133E-05","0","0","0","0","0","0","0","0","0","0","0","0","0","0","0","0","0","0","0","0","0","0","0","0","0","0","0","0","0","0","0","0","0","0","0","0","0","0","0","0","0","0","0","0","0","0","0","0","0","0","0","0","0","0","0","0","0","0","0","0","0","0","0","0","0","0","0","0","0","0","0","0","0","0","0","0","0","0","1550","870","712","965","81","2637","17","12","839","1227","110","162"
"06","075","035201",1400000US06075035201,"06075035201","352.01",CT,939755,630051,California,San Francisco,"1","5300","1865","0","5","0.0009434","0","0","0","0","0","0","9.4","91875","0","1","0","1","0","0","0","0","0","688.8770978","0","0","108.0591546","0","688.8770978","0.129976811","108.0591546","0.02038852","94.3590709","0.017803598","89.11229182","0.01681364","348.3258068","0.06572185","19.43224195","0.003666461","263.8802987","0.049788736","3.157038331","0.000595668","4.277986526","0.000807167","49.80371832","0.009396928","51.0382976","0.009629867","52.04088363","0.027903959","16.31870612","0.008749976","0","0","0","0","0","0","0","0","0","0","0","0","0","0","0","0","0","0","0","0","0","0","0","0","0","0","0","0","0","0","0","0","0","0","0","0","0","0","0","0","0","0","0","0","0","0","0","0","0","0","0","0","0","0","0","0","0","0","0","0","0","0","0","0","0","0","0","0","0","0","0","0","0","0","0","0","0","0","1186","813","780","1886","148","2908","12","16","330","289","233","102"
"06","075","060400",1400000US06075060400,"06075060400","604",CT,4397436,2420402,California,San Francisco,"1","1689","1001","0","5","0.0029603","1","1","1","1","1","1","18.9","60216","1","1","1","1","1","0","0","1","635.2956932","1370.088971","635.2956932","234.7235909","506.2087035","234.7235909","1370.088971","0.811183524","506.2087035","0.29970912","120.2887379","0.071218909","178.9415645","0.105945272","779.3209484","0.461409679","65.32264601","0.038675338","366.571763","0.217034792","5.409434187","0.003202744","4.409434232","0.002610677","149.0547267","0.088250282","162.2358583","0.096054386","245.1777317","0.244932799","22.42950794","0.022407101","635.2956932","0.376137178","234.7235909","0.138971931","54.95249201","0.032535519","47.4855473","0.028114593","336.8417268","0.199432639","33.1294508","0.019614832","184.1573441","0.109033359","2.760787487","0.001634569","2.20863004","0.001307655","76.19773674","0.045114113","83.92794371","0.049690908","114.2030087","0.11408892","10.44759363","0.010437156","0","0","0","0","0","0","0","0","0","0","0","0","0","0","0","0","0","0","0","0","0","0","0","0","0","0","0","0","0","0","0","0","0","0","0","0","0","0","0","0","0","0","0","0","0","0","0","0","0","0","0","0","685","151","313","1025","73","415","6","5","165","177","317","29"
"06","075","980200",1400000US06075980200,"06075980200","9802",CT,1022573,779038,California,San Francisco,"1","320","62","0","191","0.596875","0","1","0","0","0","1","10.5","72222","0","1","0","1","0","0","0","0","0","317.6203399","0","0","33.43371998","0","317.6203399","0.992563562","33.43371998","0.104480375","20.98014923","0.065562966","139.0000007","0.434375002","233.6203464","0.730063583","36.00000155","0.112500005","29.99999868","0.093749996","3.00000004","0.009375","2.00000007","0.00625","12.99999978","0.040624999","24.99999923","0.078124998","3.607064511","0.05817846","0","0","0","0","0","0","0","0","0","0","0","0","0","0","0","0","0","0","0","0","0","0","0","0","0","0","0","0","0","0","0","0","0","0","0","0","0","0","0","0","0","0","0","0","0","0","0","0","0","0","0","0","0","0","0","0","0","0","0","0","0","0","0","0","0","0","0","0","0","0","0","0","0","0","0","0","0","0","0","0","12","22","139","236","36","30","3","2","13","25","4","0"
"06","075","025100",1400000US06075025100,"06075025100","251",CT,556958,0,California,San Francisco,"1","3077","1269","0","65","0.0211245","0","0","0","0","0","0","8.1","106620","0","0","0","0","0","0","0","0","0","0","0","0","0","0","0","0","0","0","0","0","0","0","0","0","0","0","0","0","0","0","0","0","0","0","0","0","0","0","0","0","0","0","0","0","0","0","0","0","0","0","0","0","0","0","0","0","0","0","0","0","0","0","0","0","0","0","0","0","0","0","0","0","0","0","0","0","0","0","0","0","0","0","0","0","0","0","0","0","0","0","0","0","0","0","0","0","0","0","0","0","0","0","0","0","0","0","0","0","0","0","0","0","0","0","0","0","0","0","740","453","381","2015","158","417","4","10","473","719","101","50"
"06","075","022902",1400000US06075022902,"06075022902","229.02",CT,161833,0,California,San Francisco,"1","2617","802","0","69","0.0263661","0","0","0","0","0","0","15.9","87813","0","0","0","0","0","0","0","0","0","0","0","0","0","0","0","0","0","0","0","0","0","0","0","0","0","0","0","0","0","0","0","0","0","0","0","0","0","0","0","0","0","0","0","0","0","0","0","0","0","0","0","0","0","0","0","0","0","0","0","0","0","0","0","0","0","0","0","0","0","0","0","0","0","0","0","0","0","0","0","0","0","0","0","0","0","0","0","0","0","0","0","0","0","0","0","0","0","0","0","0","0","0","0","0","0","0","0","0","0","0","0","0","0","0","0","0","0","0","638","436","248","1471","68","255","14","45","764","1402","287","15"
